pchembl	smiles	chembl_id
9.52	COC(=O)C(C)(C)S(=O)(=O)c1ccc([C@@H](CO)NC(=O)c2cc3c(Cl)c(Cl)c(C)cc3n2C)cc1	CHEMBL4541133
9.1	COC(=O)CS(=O)(=O)c1ccc([C@@H](CO)NC(=O)c2cc3c(Cl)c(Cl)c(C)nc3n2C)cc1	CHEMBL4536737
8.8	COC(=O)C(C)S(=O)(=O)c1ccc([C@@H](C)NC(=O)c2cc3c(Cl)cc(C)cc3n2C)cc1	CHEMBL4584313
8.7	Cc1cc2c(cc(C(=O)N[C@H](C)c3ccc(S(=O)(=O)CC(=O)O)cc3)n2C)c(Cl)c1Cl	CHEMBL4436264
8.54	CCOC(=O)CS(=O)(=O)c1ccc([C@@H](CO)NC(=O)c2cc3c(Cl)c(Cl)c(C)cc3n2C)cc1	CHEMBL4518579
8.52	Cc1cc2c(cc(C(=O)N[C@H](CO)c3ccc([S@+]([O-])CC(=O)O)cc3)n2C)c(Cl)c1Cl	CHEMBL4515492
8.52	Cc1cc2c(cc(C(=O)N[C@H](CO)c3ccc([S@+]([O-])CC(=O)O)cc3)n2C)c(Cl)c1Cl	CHEMBL4515492
8.52	Cc1cc2c(cc(C(=O)N[C@H](CO)c3ccc([S+]([O-])CC(=O)O)cc3)n2C)c(Cl)c1Cl	CHEMBL4527607
8.52	Cc1cc2c(cc(C(=O)N[C@H](CO)c3ccc([S+]([O-])CC(=O)O)cc3)n2C)c(Cl)c1Cl	CHEMBL4527607
8.52	Cc1cc2c(cc(C(=O)N[C@H](CO)c3ccc(S(=O)(=O)CC(=O)O)cc3)n2C)c(Cl)c1Cl	CHEMBL4520837
8.52	Cc1cc2c(cc(C(=O)N[C@H](CO)c3ccc(S(=O)(=O)CC(=O)O)cc3)n2C)c(Cl)c1Cl	CHEMBL4520837
8.52	Cc1cc2c(cc(C(=O)N[C@H](CO)c3ccc(S(=O)(=O)CC(=O)O)cc3)n2C)c(Cl)c1Cl	CHEMBL4520837
8.52	Cc1cc(Cl)c2cc(C(=O)N[C@H](C)c3ccc(S(=O)(=O)CC(=O)O)cc3)n(C)c2c1	CHEMBL4467246
8.48	CCOC(=O)CS(=O)(=O)c1ccc([C@@H](CO)NC(=O)c2cc3c(Cl)cc(C)cc3n2C)cc1	CHEMBL4579388
8.43	COC(=O)C1(S(=O)(=O)c2ccc([C@@H](C)NC(=O)c3cc4c(Cl)cc(C)cc4n3C)cc2)CCOCC1	CHEMBL4540875
8.41	CCOC(=O)C(C)S(=O)(=O)c1ccc([C@@H](C)NC(=O)c2cc3c(Cl)cc(C)cc3n2C)cc1	CHEMBL4521661
8.4	Cc1cc2c(cc(C(=O)N[C@H](CO)c3ccc([S@+]([O-])CC(=O)O)cc3)n2C)c(Cl)c1Cl	CHEMBL4515492
8.4	Cc1cc2c(cc(C(=O)N[C@H](CO)c3ccc([S@+]([O-])CC(=O)O)cc3)n2C)c(Cl)c1Cl	CHEMBL4515492
8.4	Cc1cc2c(cc(C(=O)N[C@H](CO)c3ccc(S(=O)(=O)CC(=O)O)cc3)n2C)c(Cl)c1Cl	CHEMBL4520837
8.4	Cc1cc2c(cc(C(=O)N[C@H](CO)c3ccc(S(=O)(=O)CC(=O)O)cc3)n2C)c(Cl)c1Cl	CHEMBL4520837
8.4	Cc1cc2c(cc(C(=O)N[C@H](CO)c3ccc(S(=O)(=O)C(C)(C)C(=O)O)cc3)n2C)c(Cl)c1Cl	CHEMBL4542437
8.4	Cc1cc2c(cc(C(=O)N[C@H](CO)c3ccc(S(=O)(=O)C(C)(C)C(=O)O)cc3)n2C)c(Cl)c1Cl	CHEMBL4542437
8.4	Cc1cc2c(cc(C(=O)N[C@H](C)c3ccc(S(=O)(=O)CC(=O)O)cc3)n2C)c(Cl)c1Cl	CHEMBL4436264
8.4	Cc1cc2c(cc(C(=O)N[C@H](C)c3ccc(S(=O)(=O)CC(=O)O)cc3)n2C)c(Cl)c1Cl	CHEMBL4436264
8.4	Cc1cc2c(cc(C(=O)N[C@H](C)c3ccc(S(=O)(=O)CC(=O)O)cc3)n2C)c(Cl)c1Cl	CHEMBL4436264
8.3	Cc1cc2c(cc(C(=O)N[C@H](CO)c3ccc([S+]([O-])CC(=O)O)cc3)n2C)c(Cl)c1Cl	CHEMBL4527607
8.3	Cc1cc2c(cc(C(=O)N[C@H](CO)c3ccc([S+]([O-])CC(=O)O)cc3)n2C)c(Cl)c1Cl	CHEMBL4527607
8.3	Cc1cc2c(cc(C(=O)N[C@H](CO)c3ccc(S(=O)(=O)CC(=O)O)cc3)n2C)c(Cl)c1F	CHEMBL4483622
8.3	Cc1cc2c(cc(C(=O)N[C@H](CO)c3ccc(S(=O)(=O)CC(=O)O)cc3)n2C)c(Cl)c1F	CHEMBL4483622
8.3	Cc1cc2c(cc(C(=O)N[C@H](C)c3ccc(S(=O)(=O)CC(=O)O)cc3)n2C)c(Cl)c1F	CHEMBL4548014
8.3	Cc1cc2c(cc(C(=O)N[C@H](C)c3ccc(S(=O)(=O)CC(=O)O)cc3)n2C)c(Cl)c1F	CHEMBL4548014
8.3	Cc1cc2c(cc(C(=O)N[C@H](C)c3ccc(S(=O)(=O)C(C)(C)C(=O)O)cc3)n2C)c(Cl)c1Cl	CHEMBL4587306
8.3	Cc1cc2c(cc(C(=O)N[C@H](C)c3ccc(S(=O)(=O)C(C)(C)C(=O)O)cc3)n2C)c(Cl)c1Cl	CHEMBL4587306
8.3	COC(=O)CS(=O)(=O)c1ccc([C@@H](CO)NC(=O)c2cc3c(Cl)c(Cl)c(C)cc3n2C)cc1	CHEMBL4541457
8.22	Cc1cc2c(cc(C(=O)N[C@H](CO)c3ccc(S(=O)(=O)C(C)(C)C(=O)O)cc3)n2C)c(Cl)c1Cl	CHEMBL4542437
8.22	Cc1cc2c(cc(C(=O)N[C@H](CO)c3ccc(S(=O)(=O)C(C)(C)C(=O)O)cc3)n2C)c(Cl)c1Cl	CHEMBL4542437
8.22	Cc1cc(Cl)c2cc(C(=O)N[C@H](CO)c3ccc(S(=O)(=O)CC(=O)O)cc3)n(C)c2c1	CHEMBL4533417
8.22	Cc1cc(Cl)c2cc(C(=O)N[C@H](CO)c3ccc(S(=O)(=O)CC(=O)O)cc3)n(C)c2c1	CHEMBL4533417
8.22	Cc1cc(Cl)c2cc(C(=O)N[C@H](C)c3ccc(S(=O)(=O)C4(C(=O)O)CCCC4)cc3)n(C)c2c1	CHEMBL4483483
8.22	Cc1cc(Cl)c2cc(C(=O)N[C@H](C)c3ccc(S(=O)(=O)C4(C(=O)O)CCCC4)cc3)n(C)c2c1	CHEMBL4483483
8.22	CCCC(C(=O)O)S(=O)(=O)c1ccc([C@@H](C)NC(=O)c2cc3c(Cl)cc(C)cc3n2C)cc1	CHEMBL4547034
8.22	CCCC(C(=O)O)S(=O)(=O)c1ccc([C@@H](C)NC(=O)c2cc3c(Cl)cc(C)cc3n2C)cc1	CHEMBL4547034
8.15	Cc1cc2c(cc(C(=O)N[C@H](CO)c3ccc([S@@+]([O-])CC(=O)O)cc3)n2C)c(Cl)c1Cl	CHEMBL4560976
8.15	Cc1cc2c(cc(C(=O)N[C@H](CO)c3ccc([S@@+]([O-])CC(=O)O)cc3)n2C)c(Cl)c1Cl	CHEMBL4560976
8.15	Cc1cc2c(cc(C(=O)N[C@H](CO)c3ccc(S(=O)(=O)CC(=O)O)cc3)n2C)c(Cl)c1F	CHEMBL4483622
8.15	Cc1cc2c(cc(C(=O)N[C@H](CO)c3ccc(S(=O)(=O)CC(=O)O)cc3)n2C)c(Cl)c1F	CHEMBL4483622
8.15	Cc1cc2c(cc(C(=O)N[C@H](C)c3ccc(S(=O)(=O)CC(=O)O)cc3)n2C)c(Cl)c1F	CHEMBL4548014
8.15	Cc1cc2c(cc(C(=O)N[C@H](C)c3ccc(S(=O)(=O)CC(=O)O)cc3)n2C)c(Cl)c1F	CHEMBL4548014
8.15	Cc1cc(Cl)c2cc(C(=O)N[C@H](C)c3ccc(S(=O)(=O)C4(C(=O)O)CCOCC4)cc3)n(C)c2c1	CHEMBL4548203
8.15	Cc1cc(Cl)c2cc(C(=O)N[C@H](C)c3ccc(S(=O)(=O)C4(C(=O)O)CCOCC4)cc3)n(C)c2c1	CHEMBL4548203
8.15	COC(=O)CS(=O)(=O)c1ccc([C@@H](C)NC(=O)c2cc3c(Cl)c(Cl)c(C)cc3n2C)cc1	CHEMBL4526788
8.14	CCOC(=O)CS(=O)(=O)c1ccc([C@@H](CO)NC(=O)c2cc3c(F)c(F)c(C)cc3n2C)cc1	CHEMBL4522256
8.1	Cc1cc2c(cc(C(=O)N[C@H](CO)c3ccc(S(=O)(=O)CC(=O)O)cc3)n2C)c(F)c1F	CHEMBL4517873
8.1	Cc1cc2c(cc(C(=O)N[C@H](CO)c3ccc(S(=O)(=O)CC(=O)O)cc3)n2C)c(F)c1F	CHEMBL4517873
8.1	Cc1cc2c(cc(C(=O)N[C@H](C)c3ccc([S+]([O-])CC(=O)O)cc3)n2C)c(Cl)c1Cl	CHEMBL4536020
8.1	Cc1cc2c(cc(C(=O)N[C@H](C)c3ccc([S+]([O-])CC(=O)O)cc3)n2C)c(Cl)c1Cl	CHEMBL4536020
8.1	Cc1cc(Cl)c2cc(C(=O)N[C@H](CO)c3ccc([S+]([O-])CC(=O)O)cc3)n(C)c2c1	CHEMBL4585012
8.1	Cc1cc(Cl)c2cc(C(=O)N[C@H](CO)c3ccc([S+]([O-])CC(=O)O)cc3)n(C)c2c1	CHEMBL4585012
8.1	Cc1cc(Cl)c2cc(C(=O)N[C@H](C)c3ccc(S(=O)(=O)CC(=O)O)cc3)n(C)c2c1	CHEMBL4467246
8.1	Cc1cc(Cl)c2cc(C(=O)N[C@H](C)c3ccc(S(=O)(=O)CC(=O)O)cc3)n(C)c2c1	CHEMBL4467246
8.1	Cc1cc(Cl)c2cc(C(=O)N[C@H](C)c3ccc(S(=O)(=O)CC(=O)O)cc3)n(C)c2c1	CHEMBL4467246
8.1	Cc1cc(Cl)c2cc(C(=O)N[C@H](C)c3ccc(S(=O)(=O)C(C)C(=O)O)cc3)n(C)c2c1	CHEMBL4580665
8.1	Cc1cc(Cl)c2cc(C(=O)N[C@H](C)c3ccc(S(=O)(=O)C(C)C(=O)O)cc3)n(C)c2c1	CHEMBL4580665
8.08	COC(=O)CS(=O)(=O)c1ccc([C@@H](CO)NC(=O)c2cc3c(Cl)cc(C)cc3n2C)cc1	CHEMBL4545772
8.05	Cc1nc2c(cc(C(=O)N[C@H](CO)c3ccc(S(=O)(=O)CC(=O)O)cc3)n2C)c(Cl)c1Cl	CHEMBL4518612
8.05	Cc1nc2c(cc(C(=O)N[C@H](CO)c3ccc(S(=O)(=O)CC(=O)O)cc3)n2C)c(Cl)c1Cl	CHEMBL4518612
8.05	Cc1cc2c(cc(C(=O)N[C@H](CO)c3ccc([S@@+]([O-])CC(=O)O)cc3)n2C)c(Cl)c1Cl	CHEMBL4560976
8.05	Cc1cc2c(cc(C(=O)N[C@H](CO)c3ccc([S@@+]([O-])CC(=O)O)cc3)n2C)c(Cl)c1Cl	CHEMBL4560976
8.05	Cc1cc2c(cc(C(=O)N[C@H](C)c3ccc(S(=O)(=O)CC(=O)O)cc3)n2C)c(Cl)c1Cl	CHEMBL4436264
8.05	Cc1cc2c(cc(C(=O)N[C@H](C)c3ccc(S(=O)(=O)CC(=O)O)cc3)n2C)c(Cl)c1Cl	CHEMBL4436264
8.05	Cc1cc2c(cc(C(=O)N[C@H](C)c3ccc(S(=O)(=O)C(C)(C)C(=O)O)cc3)n2C)c(Cl)c1Cl	CHEMBL4587306
8.05	Cc1cc2c(cc(C(=O)N[C@H](C)c3ccc(S(=O)(=O)C(C)(C)C(=O)O)cc3)n2C)c(Cl)c1Cl	CHEMBL4587306
8.03	Cc1ccc(C(=O)Nc2cccc(C(F)(F)F)c2)cc1Nc1nc(-c2cccnc2)nc2c1cnn2C	CHEMBL3752910
8.03	Cc1ccc(C(=O)Nc2cccc(C(F)(F)F)c2)cc1Nc1nc(-c2cccnc2)nc2c1cnn2C	CHEMBL3752910
8.0	Cc1cc2c(cc(C(=O)N[C@H](CO)c3ccc([S@@+]([O-])CC(=O)O)cc3)n2C)c(F)c1F	CHEMBL4536556
8.0	Cc1cc2c(cc(C(=O)N[C@H](CO)c3ccc([S@@+]([O-])CC(=O)O)cc3)n2C)c(F)c1F	CHEMBL4536556
8.0	Cc1cc(Cl)c2cc(C(=O)N[C@H](C)c3ccc(S(=O)(=O)C4(C(=O)O)CC4)cc3)n(C)c2c1	CHEMBL4592933
8.0	Cc1cc(Cl)c2cc(C(=O)N[C@H](C)c3ccc(S(=O)(=O)C4(C(=O)O)CC4)cc3)n(C)c2c1	CHEMBL4592933
8.0	Cc1cc(Cl)c2cc(C(=O)N[C@H](C)c3ccc(S(=O)(=O)C(C)C(=O)OC(C)C)cc3)n(C)c2c1	CHEMBL4522032
8.0	CCC(CC)(C(=O)O)S(=O)(=O)c1ccc([C@@H](C)NC(=O)c2cc3c(Cl)cc(C)cc3n2C)cc1	CHEMBL4513843
8.0	CCC(CC)(C(=O)O)S(=O)(=O)c1ccc([C@@H](C)NC(=O)c2cc3c(Cl)cc(C)cc3n2C)cc1	CHEMBL4513843
8.0	CC(=O)NS(=O)(=O)N1CCC(NC(=O)c2cc3c(Cl)c(Cl)ccc3n2C)C(CC(=O)O)C1	CHEMBL4539932
7.96	Cc1cc(Cl)c2cc(C(=O)N[C@H](CO)c3ccc([S+]([O-])CC(=O)O)cc3)n(C)c2c1	CHEMBL4585012
7.96	Cc1cc(Cl)c2cc(C(=O)N[C@H](CO)c3ccc([S+]([O-])CC(=O)O)cc3)n(C)c2c1	CHEMBL4585012
7.96	Cc1cc(Cl)c2cc(C(=O)N[C@H](C)c3ccc([S+]([O-])CC(=O)O)cc3)n(C)c2c1	CHEMBL4547905
7.96	Cc1cc(Cl)c2cc(C(=O)N[C@H](C)c3ccc([S+]([O-])CC(=O)O)cc3)n(C)c2c1	CHEMBL4547905
7.96	CCC(C(=O)O)S(=O)(=O)c1ccc([C@@H](C)NC(=O)c2cc3c(Cl)cc(C)cc3n2C)cc1	CHEMBL4517506
7.96	CCC(C(=O)O)S(=O)(=O)c1ccc([C@@H](C)NC(=O)c2cc3c(Cl)cc(C)cc3n2C)cc1	CHEMBL4517506
7.92	Cc1cc(Cl)c2cc(C(=O)N[C@H](C)c3ccc(S(=O)(=O)CC(=O)CS(=O)(=O)c4ccc([C@@H](C)NC(=O)c5cc6c(Cl)cc(C)cc6n5C)cc4)cc3)n(C)c2c1	CHEMBL4548756
7.92	Cc1cc(Cl)c2cc(C(=O)N[C@H](C)c3ccc(S(=O)(=O)C(C)(C)C(=O)O)cc3)n(C)c2c1	CHEMBL4572814
7.92	Cc1cc(Cl)c2cc(C(=O)N[C@H](C)c3ccc(S(=O)(=O)C(C)(C)C(=O)O)cc3)n(C)c2c1	CHEMBL4572814
7.9	Cc1cc2c(cc(C(=O)N[C@H](CO)c3ccc(S(=O)(=O)CC(=O)OC(C)C)cc3)n2C)c(Cl)c1Cl	CHEMBL4542730
7.89	Cc1cc(Cl)c2cc(C(=O)N[C@H](C)c3ccc(S(=O)(=O)CC(=O)O)cc3)n(C)c2c1C	CHEMBL4572184
7.89	Cc1cc(Cl)c2cc(C(=O)N[C@H](C)c3ccc(S(=O)(=O)CC(=O)O)cc3)n(C)c2c1C	CHEMBL4572184
7.85	Cc1cc2c(cc(C(=O)N[C@H](C)c3ccc(C(=O)O)cc3)n2C)c(Cl)c1Cl	CHEMBL4438014
7.85	CCC(CC)(C(=O)O)S(=O)(=O)c1ccc([C@@H](C)NC(=O)c2cc3c(Cl)cc(C)cc3n2C)cc1	CHEMBL4513843
7.85	CCC(CC)(C(=O)O)S(=O)(=O)c1ccc([C@@H](C)NC(=O)c2cc3c(Cl)cc(C)cc3n2C)cc1	CHEMBL4513843
7.83	Cc1cc(Cl)c2cc(C(=O)N[C@H](C)c3ccc(S(=O)(=O)CC(=O)OC4CCOCC4)cc3)n(C)c2c1	CHEMBL4557404
7.82	Cn1c(C(=O)NC2(c3ccc(C(C(=O)O)c4cccnc4)cc3)COC2)cc2c(Cl)c(Cl)ccc21	CHEMBL4443265
7.82	Cc1cc(Cl)c2cc(C(=O)N[C@H](C)c3ccc(S(=O)(=O)C4(C(=O)O)CC4)cc3)n(C)c2c1	CHEMBL4592933
7.82	Cc1cc(Cl)c2cc(C(=O)N[C@H](C)c3ccc(S(=O)(=O)C4(C(=O)O)CC4)cc3)n(C)c2c1	CHEMBL4592933
7.8	CCCC(C(=O)O)S(=O)(=O)c1ccc([C@@H](C)NC(=O)c2cc3c(Cl)cc(C)cc3n2C)cc1	CHEMBL4547034
7.8	CCCC(C(=O)O)S(=O)(=O)c1ccc([C@@H](C)NC(=O)c2cc3c(Cl)cc(C)cc3n2C)cc1	CHEMBL4547034
7.77	Cc1cc2c(cc(C(=O)N[C@H](CO)c3ccc(S(=O)(=O)CC(=O)O)cc3)n2C)c(F)c1F	CHEMBL4517873
7.77	Cc1cc2c(cc(C(=O)N[C@H](CO)c3ccc(S(=O)(=O)CC(=O)O)cc3)n2C)c(F)c1F	CHEMBL4517873
7.77	Cc1cc(Cl)c2cc(C(=O)N[C@H](C)c3ccc([S@+]([O-])CC(=O)O)cc3)n(C)c2c1	CHEMBL4587964
7.77	Cc1cc(Cl)c2cc(C(=O)N[C@H](C)c3ccc([S@+]([O-])CC(=O)O)cc3)n(C)c2c1	CHEMBL4587964
7.75	Cc1cc(Cl)c2cc(C(=O)N[C@H](C)c3ccc([S+]([O-])CC(=O)O)cc3)n(C)c2c1	CHEMBL4547905
7.75	Cc1cc(Cl)c2cc(C(=O)N[C@H](C)c3ccc([S+]([O-])CC(=O)O)cc3)n(C)c2c1	CHEMBL4547905
7.7	Cc1cc2c(cc(C(=O)N[C@H](C)c3ccc(S(=O)(=O)C4CCCOC4=O)cc3)n2C)c(Cl)c1Cl	CHEMBL4582792
7.7	Cc1cc2c(cc(C(=O)N[C@H](C)c3ccc(S(=O)(=O)C4CCCOC4=O)cc3)n2C)c(Cl)c1Cl	CHEMBL4582792
7.7	Cc1cc(Cl)c2cc(C(=O)N[C@H](C)c3ccc(S(=O)(=O)CC(=O)OCc4cccc(C(F)(F)F)c4)cc3)n(C)c2c1	CHEMBL4536870
7.7	C[C@@H](NC(=O)c1cc2c(Cl)cc(-c3cnn(C)c3)cc2n1C)c1ccc(S(=O)(=O)CC(=O)O)cc1	CHEMBL4551822
7.7	C[C@@H](NC(=O)c1cc2c(Cl)cc(-c3cnn(C)c3)cc2n1C)c1ccc(S(=O)(=O)CC(=O)O)cc1	CHEMBL4551822
7.68	COCCC(C(=O)O)S(=O)(=O)c1ccc([C@@H](C)NC(=O)c2cc3c(Cl)cc(C)cc3n2C)cc1	CHEMBL4524231
7.68	COCCC(C(=O)O)S(=O)(=O)c1ccc([C@@H](C)NC(=O)c2cc3c(Cl)cc(C)cc3n2C)cc1	CHEMBL4524231
7.68	CC(=O)N1CCC(C(=O)O)(S(=O)(=O)c2ccc([C@@H](C)NC(=O)c3cc4c(Cl)c(Cl)c(C)cc4n3C)cc2)CC1	CHEMBL4591375
7.68	CC(=O)N1CCC(C(=O)O)(S(=O)(=O)c2ccc([C@@H](C)NC(=O)c3cc4c(Cl)c(Cl)c(C)cc4n3C)cc2)CC1	CHEMBL4591375
7.66	Cc1cc(Cl)c2cc(C(=O)N[C@H](C)c3ccc(S(=O)(=O)CC(=O)O)cc3)n(C)c2c1C	CHEMBL4572184
7.66	Cc1cc(Cl)c2cc(C(=O)N[C@H](C)c3ccc(S(=O)(=O)CC(=O)O)cc3)n(C)c2c1C	CHEMBL4572184
7.65	Cc1cc(Cl)c2cc(C(=O)N[C@H](C)c3ccc(S(=O)(=O)CC(=O)OCC4(C)COC4)cc3)n(C)c2c1	CHEMBL4550162
7.62	Cc1cc(Cl)c2cc(C(=O)N[C@H](C)c3ccc(S(=O)(=O)CC(=O)OCCO)cc3)n(C)c2c1	CHEMBL4514445
7.62	CC(NC(=O)c1cc2c(Cl)cc(I)cc2n1C)c1ccc(S(=O)(=O)CC(=O)O)cc1	CHEMBL4556963
7.62	CC(NC(=O)c1cc2c(Cl)cc(I)cc2n1C)c1ccc(S(=O)(=O)CC(=O)O)cc1	CHEMBL4556963
7.62	CC(=O)OCOC(=O)CS(=O)(=O)c1ccc([C@@H](C)NC(=O)c2cc(-c3ccccc3)nn2C)cc1	CHEMBL4531113
7.6	Cn1c(C(=O)NC2(c3ccc(C(CC(=O)O)c4cccnc4)cc3)COC2)cc2c(Cl)c(Cl)ccc21	CHEMBL4476654
7.6	C[C@@H](NC(=O)c1cc(-c2ccccc2)nn1C)c1ccc(S(=O)(=O)CC(=O)O)cc1	CHEMBL4458393
7.57	Cc1cc(Cl)c2cc(C(=O)N[C@H](CO)c3ccc(S(=O)(=O)CC(=O)OCC4(F)COC4)cc3)n(C)c2c1	CHEMBL4541970
7.57	Cc1cc(Cl)c2cc(C(=O)N[C@H](CO)c3ccc(S(=O)(=O)CC(=O)OCC4(F)COC4)cc3)n(C)c2c1	CHEMBL4541970
7.55	Cc1cc2c(cc(C(=O)N[C@H](C)c3ccc(C(=O)O)cc3)n2C)c2ccccc12	CHEMBL4522467
7.55	Cc1cc(Cl)c2cc(C(=O)N[C@H](C)c3ccc([S@+]([O-])CC(=O)O)cc3)n(C)c2c1	CHEMBL4587964
7.55	Cc1cc(Cl)c2cc(C(=O)N[C@H](C)c3ccc([S@+]([O-])CC(=O)O)cc3)n(C)c2c1	CHEMBL4587964
7.55	Cc1cc(Cl)c2cc(C(=O)N[C@H](C)c3ccc(C(=O)O)cc3)n(C)c2c1	CHEMBL4594097
7.54	C[C@@H](NC(=O)c1cc2c(Cl)cc(-c3cnn(C)c3)cc2n1C)c1ccc(S(=O)(=O)CC(=O)O)cc1	CHEMBL4551822
7.54	C[C@@H](NC(=O)c1cc2c(Cl)cc(-c3cnn(C)c3)cc2n1C)c1ccc(S(=O)(=O)CC(=O)O)cc1	CHEMBL4551822
7.54	CCOC(=O)CS(=O)(=O)c1ccc([C@@H](CO)NC(=O)c2cc3c(Cl)c(Cl)c(C)cc3n2C)cc1	CHEMBL4518579
7.54	C#Cc1cc(Cl)c2cc(C(=O)NC(C)c3ccc(S(=O)(=O)CC(=O)O)cc3)n(C)c2c1	CHEMBL4576106
7.54	C#Cc1cc(Cl)c2cc(C(=O)NC(C)c3ccc(S(=O)(=O)CC(=O)O)cc3)n(C)c2c1	CHEMBL4576106
7.53	CCOC(=O)CS(=O)(=O)c1ccc([C@@H](C)NC(=O)c2cc3c(Cl)cc(C)cc3n2C)cc1	CHEMBL4522081
7.52	Cn1c(C(=O)NC2(c3ccc(CC(=O)O)cc3)COC2)cc2c(Cl)c(Cl)ccc21	CHEMBL4578644
7.52	C[C@@H](NC(=O)c1cc2c(Cl)c(Cl)ccc2n1C)c1ccc(C(=O)O)cc1	CHEMBL4469992
7.52	CCc1cc(Cl)c2cc(C(=O)N[C@H](C)c3ccc(C(=O)O)cc3)n(C)c2c1	CHEMBL4473052
7.52	CCOC(=O)C(C)(C)S(=O)(=O)c1ccc([C@@H](C)NC(=O)c2cc3c(Cl)cc(C)cc3n2C)cc1	CHEMBL4534115
7.5	Cc1cc2c(cc(C(=O)N[C@H](CO)c3ccc([S@+]([O-])CC(=O)O)cc3)n2C)c(F)c1F	CHEMBL4577108
7.5	Cc1cc2c(cc(C(=O)N[C@H](CO)c3ccc([S@+]([O-])CC(=O)O)cc3)n2C)c(F)c1F	CHEMBL4577108
7.48	COC(=O)CS(=O)(=O)c1ccc([C@@H](C)NC(=O)c2cc(-c3ccc(F)cc3)nn2C)cc1	CHEMBL4545321
7.47	Cn1c(C(=O)NC2(c3ccc(CC(=O)O)c(F)c3)COC2)cc2c(Cl)c(Cl)ccc21	CHEMBL4452531
7.47	COC(=O)CS(=O)(=O)c1ccc([C@@H](C)NC(=O)c2cc3cc(Cl)c(-c4cnn(CCN5CCOCC5)c4)cc3n2C)cc1	CHEMBL4535665
7.46	Cc1cc(Cl)c2cc(C(=O)N[C@H](CO)c3ccc(S(=O)(=O)CC(=O)O)cc3)n(C)c2n1	CHEMBL4580853
7.46	Cc1cc(Cl)c2cc(C(=O)N[C@H](CO)c3ccc(S(=O)(=O)CC(=O)O)cc3)n(C)c2n1	CHEMBL4580853
7.45	CC(C)OC(=O)CS(=O)(=O)c1ccc([C@@H](C)NC(=O)c2cc3cc(Cl)c(-c4cnn(CCN5CCOCC5)c4)cc3n2C)cc1	CHEMBL4590502
7.43	Cn1c(C(=O)NC2(c3ccc(C(=O)O)c(F)c3)COC2)cc2c(Cl)c(Cl)ccc21	CHEMBL4455598
7.43	Cc1cc(Cl)c2cc(C(=O)N[C@H](C)c3ccc(S(=O)(=O)CC(=O)OCCS(C)(=O)=O)cc3)n(C)c2c1	CHEMBL4513944
7.4	CN1CCN(c2cc(Cl)c3cc(C(=O)N[C@H](CO)c4ccc(S(=O)(=O)CC(=O)O)cc4)n(C)c3c2)CC1	CHEMBL4549808
7.4	CN1CCN(c2cc(Cl)c3cc(C(=O)N[C@H](CO)c4ccc(S(=O)(=O)CC(=O)O)cc4)n(C)c3c2)CC1	CHEMBL4549808
7.39	Cc1cc(Cl)c2cc(C(=O)N[C@H](C)c3ccc(S(=O)(=O)CC(=O)O)cc3)n(C)c2n1	CHEMBL4557402
7.39	Cc1cc(Cl)c2cc(C(=O)N[C@H](C)c3ccc(S(=O)(=O)CC(=O)O)cc3)n(C)c2n1	CHEMBL4557402
7.36	CCOC(=O)CS(=O)(=O)c1ccc([C@@H](C)NC(=O)c2cc3c(Cl)cc(-c4cnn(C)c4)cc3n2C)cc1	CHEMBL4565578
7.29	Cc1cc2c(cc1Cl)cc(C(=O)N[C@H](C)c1ccc(C(=O)O)cc1)n2C	CHEMBL4474620
7.29	COC(=O)CS(=O)(=O)c1ccc([C@@H](C)NC(=O)c2cc3c(Cl)cc(C)cc3n2C)nc1	CHEMBL4563552
7.28	Cc1cc(Cl)c2cc(C(=O)N[C@H](CO)c3ccc(S(=O)(=O)CC(=O)OCCO)cc3)n(C)c2c1	CHEMBL4552712
7.28	Cc1cc(Cl)c2cc(C(=O)N[C@H](CO)c3ccc(S(=O)(=O)CC(=O)OCCO)cc3)n(C)c2c1	CHEMBL4552712
7.28	C[C@@H](NC(=O)c1cc(-c2cccc3cc[nH]c23)nn1C)c1ccc(S(=O)(=O)CC(=O)O)cc1	CHEMBL4521930
7.28	C[C@@H](NC(=O)c1cc(-c2cccc3cc[nH]c23)nn1C)c1ccc(S(=O)(=O)CC(=O)O)cc1	CHEMBL4521930
7.28	COC(=O)CS(=O)(=O)c1ccc([C@@H](C)NC(=O)c2cc3c(Cl)cc(C)cc3n2C)cc1	CHEMBL4580038
7.27	Cc1cc(Cl)c2cc(C(=O)N[C@H](CO)c3ccc(S(=O)(=O)CC(=O)OCC4COC4)cc3)n(C)c2c1	CHEMBL4574871
7.27	Cc1cc(Cl)c2cc(C(=O)N[C@H](CO)c3ccc(S(=O)(=O)CC(=O)OCC4COC4)cc3)n(C)c2c1	CHEMBL4574871
7.27	Cc1cc(Cl)c2cc(C(=O)N[C@H](C)c3ccc(S(=O)(=O)CC(=O)OCCS(C)(=O)=O)cc3)n(C)c2c1	CHEMBL4513944
7.27	Cc1cc(Cl)c2cc(C(=O)N[C@H](C)c3ccc(S(=O)(=O)CC(=O)OCCS(C)(=O)=O)cc3)n(C)c2c1	CHEMBL4513944
7.27	CCOCCOCCOC(=O)CS(=O)(=O)c1ccc([C@@H](C)NC(=O)c2cc3c(Cl)cc(C)cc3n2C)cc1	CHEMBL4579433
7.24	C[C@@H](NC(=O)c1cc2c3ccccc3ccc2n1C)c1ccc(C(=O)O)cc1	CHEMBL4457646
7.21	Cc1cc(Cl)c2cc(C(=O)N[C@H](CO)c3ccc(S(=O)(=O)CC(=O)OCC4(C)COC4)cc3)n(C)c2c1	CHEMBL4578446
7.21	Cc1cc(Cl)c2cc(C(=O)N[C@H](CO)c3ccc(S(=O)(=O)CC(=O)OCC4(C)COC4)cc3)n(C)c2c1	CHEMBL4578446
7.21	Cc1cc(Cl)c2cc(C(=O)N[C@H](C)c3ccc([S@@+]([O-])CC(=O)O)cc3)n(C)c2c1	CHEMBL4516261
7.21	Cc1cc(Cl)c2cc(C(=O)N[C@H](C)c3ccc([S@@+]([O-])CC(=O)O)cc3)n(C)c2c1	CHEMBL4516261
7.21	C[C@@H](NC(=O)c1cc2cc(Cl)c(Br)cc2n1C)c1ccc(C(=O)O)cc1	CHEMBL4560125
7.21	COCCOC(=O)CS(=O)(=O)c1ccc([C@@H](CO)NC(=O)c2cc3c(Cl)cc(C)cc3n2C)cc1	CHEMBL4569609
7.21	COCCOC(=O)CS(=O)(=O)c1ccc([C@@H](CO)NC(=O)c2cc3c(Cl)cc(C)cc3n2C)cc1	CHEMBL4569609
7.21	CCOC(=O)CS(=O)(=O)c1ccc([C@@H](C)NC(=O)c2cc(-c3ccc(F)cc3)nn2C)cc1	CHEMBL4535659
7.19	CCOC(=O)CS(=O)(=O)c1ccc([C@@H](C)NC(=O)c2cc(-c3cccc4cc[nH]c34)nn2C)cc1	CHEMBL4530135
7.18	Cc1cc(Cl)c2cc(C(=O)NC(C)c3ccc(S(=O)(=O)CC(=O)OC(C)C)cc3)n(C)c2c1	CHEMBL4573469
7.17	CC(C)OC(=O)CS(=O)(=O)c1ccc([C@@H](C)NC(=O)c2cc(-c3ccc(F)cc3)nn2C)cc1	CHEMBL4518189
7.16	CC(=O)OCCOC(=O)CS(=O)(=O)c1ccc([C@@H](C)NC(=O)c2cc3c(Cl)cc(C)cc3n2C)cc1	CHEMBL4571043
7.16	CC(=O)NS(=O)(=O)c1ccc(C(C)NC(=O)c2cc(-c3ccccc3)nn2C)cc1	CHEMBL4565713
7.15	Cc1cc(Cl)c2cc(C(=O)N[C@H](C)c3ccc(S(=O)(=O)CC(=O)OCC(C)C)cc3)n(C)c2c1	CHEMBL4549376
7.14	Cc1cc(Cl)c2cc(C(=O)N[C@H](C)c3ccc(S(=O)(=O)CC(=O)OC4COC4)cc3)n(C)c2c1	CHEMBL4550369
7.14	Cc1cc(Cl)c2cc(C(=O)N[C@H](C)c3ccc(S(=O)(=O)CC(=O)OC4COC4)cc3)n(C)c2c1	CHEMBL4550369
7.14	COc1cc(Cl)cc2cc(C(=O)N[C@H](C)c3ccc(C(=O)O)cc3)n(C)c12	CHEMBL4437057
7.14	CCOC(=O)CS(=O)(=O)c1ccc([C@@H](C)NC(=O)c2cc3c(Cl)c(Cl)c(C)nc3n2C)cc1	CHEMBL4593777
7.13	C[C@@H](NC(=O)c1cc(-c2ccc(F)cc2)nn1C)c1ccc(S(=O)(=O)C2(C(=O)O)CCCC2)cc1	CHEMBL4568292
7.13	C[C@@H](NC(=O)c1cc(-c2ccc(F)cc2)nn1C)c1ccc(S(=O)(=O)C2(C(=O)O)CCCC2)cc1	CHEMBL4568292
7.13	CCOC(=O)CS(=O)(=O)c1ccc([C@@H](C)NC(=O)c2cc(-n3ncc4ccccc43)nn2C)cc1	CHEMBL4590594
7.12	C[C@@H](NC(=O)c1cc(-c2ccc(F)cc2)nn1C)c1ccc(S(=O)(=O)CC(=O)O)cc1	CHEMBL4530767
7.12	C[C@@H](NC(=O)c1cc(-c2ccc(F)cc2)nn1C)c1ccc(S(=O)(=O)CC(=O)O)cc1	CHEMBL4530767
7.11	CO[C@@H](C)COC(=O)CS(=O)(=O)c1ccc([C@@H](C)NC(=O)c2cc3c(Cl)cc(C)cc3n2C)cc1	CHEMBL4548661
7.09	C[C@@H](NC(=O)c1cc2c(Cl)cc(C(F)F)cc2n1C)c1ccc(C(=O)O)cc1	CHEMBL4444192
7.08	C[C@@H](NC(=O)c1cc2c(Cl)cc(N3CCN(C)CC3)cc2n1C)c1ccc(S(=O)(=O)CC(=O)O)cc1	CHEMBL4521064
7.08	C[C@@H](NC(=O)c1cc2c(Cl)cc(N3CCN(C)CC3)cc2n1C)c1ccc(S(=O)(=O)CC(=O)O)cc1	CHEMBL4521064
7.08	COCCOC(=O)CS(=O)(=O)c1ccc([C@@H](C)NC(=O)c2cc3c(Cl)c(Cl)c(C)nc3n2C)cc1	CHEMBL4550915
7.07	Cc1cc(Cl)c2cc(C(=O)N[C@H](CO)c3ccc(S(=O)(=O)CC(=O)O[C@H]4CCOC4)cc3)n(C)c2c1	CHEMBL4572318
7.07	Cc1cc(Cl)c2cc(C(=O)N[C@H](CO)c3ccc(S(=O)(=O)CC(=O)O[C@H]4CCOC4)cc3)n(C)c2c1	CHEMBL4572318
7.06	C[C@@H](NC(=O)c1cc(-c2cccc3cc[nH]c23)nn1C)c1ccc(S(=O)(=O)CC(=O)O)cc1	CHEMBL4521930
7.06	C[C@@H](NC(=O)c1cc(-c2cccc3cc[nH]c23)nn1C)c1ccc(S(=O)(=O)CC(=O)O)cc1	CHEMBL4521930
7.06	COC(=O)CS(=O)(=O)c1ccc([C@@H](CO)NC(=O)c2cc3c(Cl)cc(C)cc3n2C)cc1	CHEMBL4545772
7.06	COC(=O)CS(=O)(=O)c1ccc([C@@H](CO)NC(=O)c2cc3c(Cl)cc(C)cc3n2C)cc1	CHEMBL4545772
7.05	COC(=O)C[S@+]([O-])c1ccc([C@@H](CO)NC(=O)c2cc3c(Cl)c(Cl)c(C)cc3n2C)cc1	CHEMBL4483039
7.05	COC(=O)C[S@+]([O-])c1ccc([C@@H](CO)NC(=O)c2cc3c(Cl)c(Cl)c(C)cc3n2C)cc1	CHEMBL4483039
7.05	COC(=O)CS(=O)(=O)c1ccc([C@@H](C)NC(=O)c2cc3c(Cl)c(Cl)c(C)nc3n2C)cc1	CHEMBL4587490
7.02	Cc1cc2c(cc(C(=O)N[C@H](C)c3ccc(C(=O)O)cc3)n2C)c(Cl)c1Cl	CHEMBL4438014
7.02	Cc1cc(Cl)c2cc(C(=O)N[C@H](C)c3ccc([S@@+]([O-])CC(=O)O)cc3)n(C)c2c1	CHEMBL4516261
7.02	Cc1cc(Cl)c2cc(C(=O)N[C@H](C)c3ccc([S@@+]([O-])CC(=O)O)cc3)n(C)c2c1	CHEMBL4516261
7.02	C[C@@H](NC(=O)c1cc(-c2ccc(F)cc2)nn1C)c1ccc(S(=O)(=O)C2(C(=O)O)CCCC2)cc1	CHEMBL4568292
7.02	C[C@@H](NC(=O)c1cc(-c2ccc(F)cc2)nn1C)c1ccc(S(=O)(=O)C2(C(=O)O)CCCC2)cc1	CHEMBL4568292
7.01	Cc1cc(Cl)c2cc(C(=O)N[C@H](CO)c3ccc(S(=O)(=O)CC(=O)OCCCO)cc3)n(C)c2c1	CHEMBL4578573
7.01	Cc1cc(Cl)c2cc(C(=O)N[C@H](CO)c3ccc(S(=O)(=O)CC(=O)OCCCO)cc3)n(C)c2c1	CHEMBL4578573
7.01	COC(=O)C[S+]([O-])c1ccc([C@@H](CO)NC(=O)c2cc3c(Cl)c(Cl)c(C)cc3n2C)cc1	CHEMBL4536159
7.01	COC(=O)C[S+]([O-])c1ccc([C@@H](CO)NC(=O)c2cc3c(Cl)c(Cl)c(C)cc3n2C)cc1	CHEMBL4536159
7.0	Cc1cc(Cl)c2cc(C(=O)N[C@H](CO)c3ccc(S(=O)(=O)CC(=O)O)cc3)n(C)c2c1	CHEMBL4533417
7.0	C[C@@H](NC(=O)c1cc(-c2ccccc2)nn1C)c1ccc(N2C(=O)CC[C@H]2C(=O)O)cc1	CHEMBL4446190
7.0	CC(=O)NS(=O)(=O)c1ccc([C@@H](C)NC(=O)c2cc(-c3ccccc3)nn2C)cc1	CHEMBL4588817
6.99	C[C@@H](NC(=O)c1cc(-c2ccc(F)cc2)nn1C)c1ccc(S(=O)(=O)CC(=O)OCC2(C)COC2)cc1	CHEMBL4527489
6.97	Cc1cc2c(cc(C(=O)N[C@H](CO)c3ccc(S(=O)(=O)CC(=O)OCCO)cc3)n2C)c(Cl)c1Cl	CHEMBL4564291
6.97	Cc1cc2c(cc(C(=O)N[C@H](CO)c3ccc(S(=O)(=O)CC(=O)OCCO)cc3)n2C)c(Cl)c1Cl	CHEMBL4564291
6.97	Cc1cc(Cl)c2cc(C(=O)N[C@H](CO)c3ccc(S(=O)(=O)CC(=O)O)cc3)n(C)c2c1	CHEMBL4533417
6.96	COC(=O)CS(=O)(=O)c1ccc([C@@H](C)NC(=O)c2cc3c(Cl)cc(-c4cnn(C)c4)cc3n2C)cc1	CHEMBL4565378
6.92	Cc1cc2c(cc(C(=O)N[C@H](C)c3ccc(S(=O)(=O)C4CCOC4=O)cc3)n2C)c(F)c1F	CHEMBL4537896
6.92	Cc1cc2c(cc(C(=O)N[C@H](C)c3ccc(S(=O)(=O)C4CCOC4=O)cc3)n2C)c(F)c1F	CHEMBL4537896
6.92	Cc1cc2c(cc(C(=O)N[C@H](C)c3ccc(S(=O)(=O)C4CCOC4=O)cc3)n2C)c(Cl)c1Cl	CHEMBL4575857
6.92	Cc1cc2c(cc(C(=O)N[C@H](C)c3ccc(S(=O)(=O)C4CCOC4=O)cc3)n2C)c(Cl)c1Cl	CHEMBL4575857
6.92	COC(=O)C[S@+]([O-])c1ccc([C@@H](CO)NC(=O)c2cc3c(Cl)cc(C)cc3n2C)cc1	CHEMBL4514983
6.92	COC(=O)C[S@+]([O-])c1ccc([C@@H](CO)NC(=O)c2cc3c(Cl)cc(C)cc3n2C)cc1	CHEMBL4514983
6.92	COC(=O)CS(=O)(=O)c1ccc([C@@H](CO)NC(=O)c2cc3c(Cl)c(Cl)c(C)cc3n2C)cc1	CHEMBL4541457
6.92	COC(=O)CS(=O)(=O)c1ccc([C@@H](CO)NC(=O)c2cc3c(Cl)c(Cl)c(C)cc3n2C)cc1	CHEMBL4541457
6.91	COc1cc(F)c(Cl)c2cc(C(=O)N[C@H](C)c3ccc(C(=O)O)cc3)n(C)c12	CHEMBL4460522
6.9	CC[C@@H](NC(=O)c1cc2c(Cl)cc(C)cc2n1C)c1ccc(S(=O)(=O)CC(=O)NO)cc1	CHEMBL5767119
6.87	Cc1cc(Cl)c2cc(C(=O)N[C@H](C)c3ccc(S(=O)(=O)CC(=O)NO)cc3)n(C)c2c1	CHEMBL4520085
6.87	CC(C)OC(=O)CS(=O)(=O)c1ccc([C@@H](C)NC(=O)c2cc(-c3ccccc3)nn2C)cc1	CHEMBL4527049
6.86	Cc1cc(Cl)c2cc(C(=O)N[C@H](C)c3ccc(S(=O)(=O)CC(=O)OCCOCCO)cc3)n(C)c2c1	CHEMBL4554160
6.86	C[C@H](C(=O)O)S(=O)(=O)c1ccc([C@@H](C)NC(=O)c2cc3cc(Cl)ccc3n2C)cc1	CHEMBL4552450
6.86	C[C@H](C(=O)O)S(=O)(=O)c1ccc([C@@H](C)NC(=O)c2cc3cc(Cl)ccc3n2C)cc1	CHEMBL4552450
6.86	C[C@@H](NC(=O)c1cc(-c2ccc(F)cc2)nn1C)c1ccc(S(=O)(=O)C2(C(=O)O)CCOCC2)cc1	CHEMBL4539828
6.86	C[C@@H](NC(=O)c1cc(-c2ccc(F)cc2)nn1C)c1ccc(S(=O)(=O)C2(C(=O)O)CCOCC2)cc1	CHEMBL4539828
6.86	COC(=O)C[S@+]([O-])c1ccc([C@@H](CO)NC(=O)c2cc3c(Cl)c(Cl)c(C)cc3n2C)cc1	CHEMBL4483039
6.86	COC(=O)C[S@+]([O-])c1ccc([C@@H](CO)NC(=O)c2cc3c(Cl)c(Cl)c(C)cc3n2C)cc1	CHEMBL4483039
6.85	COCCOC(=O)C(C)(C)S(=O)(=O)c1ccc([C@@H](C)NC(=O)c2cc3c(Cl)c(Cl)c(C)nc3n2C)cc1	CHEMBL4544428
6.84	C[C@@H](NC(=O)c1cc(-c2ccccc2)nn1C)c1ccc(S(=O)(=O)CC(=O)O)cc1	CHEMBL4458393
6.84	C[C@@H](NC(=O)c1cc(-c2ccccc2)nn1C)c1ccc(S(=O)(=O)CC(=O)O)cc1	CHEMBL4458393
6.84	CN1CCN(c2cc(Cl)c3cc(C(=O)N[C@H](CO)c4ccc(S(=O)(=O)CC(=O)O)cc4)n(C)c3c2)CC1	CHEMBL4549808
6.84	CN1CCN(c2cc(Cl)c3cc(C(=O)N[C@H](CO)c4ccc(S(=O)(=O)CC(=O)O)cc4)n(C)c3c2)CC1	CHEMBL4549808
6.82	Cn1c(C(=O)NC2(c3ccc(C(=O)O)cc3)COC2)cc2c(Cl)c(Cl)ccc21	CHEMBL4471410
6.81	Cc1cc2c(cc(C(=O)N[C@H](CO)c3ccc(S(=O)(=O)CC(=O)OCCO)cc3)n2C)c(F)c1F	CHEMBL4592921
6.81	Cc1cc2c(cc(C(=O)N[C@H](CO)c3ccc(S(=O)(=O)CC(=O)OCCO)cc3)n2C)c(F)c1F	CHEMBL4592921
6.81	Cc1cc2c(cc(C(=O)N[C@@H](C)c3ccc(S(=O)(=O)CC(=O)O)cc3)n2C)c(Cl)c1Cl	CHEMBL4565180
6.81	Cc1cc2c(cc(C(=O)N[C@@H](C)c3ccc(S(=O)(=O)CC(=O)O)cc3)n2C)c(Cl)c1Cl	CHEMBL4565180
6.8	Cc1cc(Cl)c2cc(C(=O)N[C@H](C)c3ccc(S(=O)(=O)CC(=O)OCC(CO)CO)cc3)n(C)c2c1	CHEMBL4578493
6.8	Cc1cc(Cl)c2cc(C(=O)N[C@H](C)c3ccc(S(=O)(=O)CC(=O)OCC(CO)CO)cc3)n(C)c2c1	CHEMBL4578493
6.79	C[C@@H](NC(=O)c1cc(-c2ccc(F)cc2)nn1C)c1ccc(S(=O)(=O)C(C)(C)C(=O)O)cc1	CHEMBL4567321
6.79	C[C@@H](NC(=O)c1cc(-c2ccc(F)cc2)nn1C)c1ccc(S(=O)(=O)C(C)(C)C(=O)O)cc1	CHEMBL4567321
6.79	COC(=O)CS(=O)(=O)c1ccc([C@@H](CO)NC(=O)c2cc3c(Cl)cc(C)cc3n2C)cc1	CHEMBL4545772
6.78	Cc1cc2c(cc(C(=O)N[C@H](CO)c3ccc(S(=O)(=O)CC(=O)OCC(C)(C)O)cc3)n2C)c(Cl)c1Cl	CHEMBL4566179
6.78	Cc1cc2c(cc(C(=O)N[C@H](CO)c3ccc(S(=O)(=O)CC(=O)OCC(C)(C)O)cc3)n2C)c(Cl)c1Cl	CHEMBL4566179
6.78	Cc1cc(Cl)c2cc(C(=O)N[C@H](C)c3ccc(S(=O)(=O)CC(=O)OCCO)cc3)n(C)c2c1	CHEMBL4514445
6.78	Cc1cc(Cl)c2cc(C(=O)N[C@H](C)c3ccc(S(=O)(=O)CC(=O)OCCO)cc3)n(C)c2c1	CHEMBL4514445
6.78	COC(=O)CS(=O)(=O)c1ccc([C@@H](CO)NC(=O)c2cc(-c3ccccc3)nn2C)cc1	CHEMBL4557237
6.78	CCC(C(=O)OC)S(=O)(=O)c1ccc([C@@H](C)NC(=O)c2cc3c(Cl)cc(C)cc3n2C)cc1	CHEMBL4558955
6.77	Cc1nc2c(cc(C(=O)N[C@H](C)c3ccc(S(=O)(=O)CC(=O)O)cc3)n2C)c(Cl)c1Cl	CHEMBL4569278
6.77	Cc1nc2c(cc(C(=O)N[C@H](C)c3ccc(S(=O)(=O)CC(=O)O)cc3)n2C)c(Cl)c1Cl	CHEMBL4569278
6.77	CN1CCN(C(=S)SSC(=S)N2CCN(C)CC2)CC1	CHEMBL571699
6.77	CCOC(=O)CS(=O)(=O)c1ccc([C@@H](CO)NC(=O)c2cc3c(Cl)c(Cl)c(C)cc3n2C)cc1	CHEMBL4518579
6.77	CCOC(=O)CS(=O)(=O)c1ccc([C@@H](CO)NC(=O)c2cc3c(Cl)c(Cl)c(C)cc3n2C)cc1	CHEMBL4518579
6.76	Cn1nc(-c2ccc(F)cc2)cc1C(=O)N[C@H](CO)c1ccc(S(=O)(=O)CC(=O)O)cc1	CHEMBL4552569
6.76	Cn1nc(-c2ccc(F)cc2)cc1C(=O)N[C@H](CO)c1ccc(S(=O)(=O)CC(=O)O)cc1	CHEMBL4552569
6.76	Cc1cc(Cl)c2cc(C(=O)N[C@H](C)c3ccc(S(=O)(=O)CC(=O)OCc4ccncc4)cc3)n(C)c2c1	CHEMBL4534562
6.76	Cc1cc(Cl)c2cc(C(=O)N[C@H](C)c3ccc(S(=O)(=O)CC(=O)OCc4ccncc4)cc3)n(C)c2c1	CHEMBL4534562
6.76	Cc1cc(Cl)c2cc(C(=O)N[C@H](C)c3ccc(S(=O)(=O)CC(=O)NO)cc3)n(C)c2c1	CHEMBL4520085
6.75	O=C(COc1cc2[nH]c(C(=O)N[C@H](CO)c3ccc(C(=O)O)cc3)cc2cc1Cl)NCCO	CHEMBL4061884
6.75	O=C(COc1cc2[nH]c(C(=O)N[C@H](CO)c3ccc(C(=O)O)cc3)cc2cc1Cl)NCCO	CHEMBL4061884
6.75	O=C(COc1cc2[nH]c(C(=O)N[C@H](CO)c3ccc(C(=O)O)cc3)cc2cc1Cl)NCCO	CHEMBL4061884
6.75	O=C(COc1cc2[nH]c(C(=O)N[C@H](CO)c3ccc(C(=O)O)cc3)cc2cc1Cl)NCCO	CHEMBL4061884
6.75	Cc1cc(Cl)c2cc(C(=O)N[C@H](C)c3ccc(S(=O)(=O)CC(=O)OCC4COC4)cc3)n(C)c2c1	CHEMBL4548851
6.75	Cc1cc(Cl)c2cc(C(=O)N[C@H](C)c3ccc(S(=O)(=O)CC(=O)OCC4COC4)cc3)n(C)c2c1	CHEMBL4548851
6.72	Cc1cc2c(cc(C(=O)N[C@H](CO)c3ccc([S@+]([O-])CC(=O)OC4CCOCC4)cc3)n2C)c(Cl)c1Cl	CHEMBL4555768
6.72	Cc1cc2c(cc(C(=O)N[C@H](CO)c3ccc([S@+]([O-])CC(=O)OC4CCOCC4)cc3)n2C)c(Cl)c1Cl	CHEMBL4555768
6.72	Cc1cc2c(cc(C(=O)N[C@H](CO)c3ccc(S(=O)(=O)CC(=O)OCCCO)cc3)n2C)c(Cl)c1Cl	CHEMBL4520575
6.72	Cc1cc2c(cc(C(=O)N[C@H](CO)c3ccc(S(=O)(=O)CC(=O)OCCCO)cc3)n2C)c(Cl)c1Cl	CHEMBL4520575
6.72	COC(=O)C[S@@+]([O-])c1ccc([C@@H](CO)NC(=O)c2cc3c(Cl)c(Cl)c(C)cc3n2C)cc1	CHEMBL4556952
6.72	COC(=O)C[S@@+]([O-])c1ccc([C@@H](CO)NC(=O)c2cc3c(Cl)c(Cl)c(C)cc3n2C)cc1	CHEMBL4556952
6.72	CC(C(=O)O)S(=O)(=O)c1ccc([C@@H](C)NC(=O)c2cc3cc(Cl)ccc3n2C)cc1	CHEMBL4570788
6.72	CC(C(=O)O)S(=O)(=O)c1ccc([C@@H](C)NC(=O)c2cc3cc(Cl)ccc3n2C)cc1	CHEMBL4570788
6.71	Cc1cc(Cl)c2cc(C(=O)N[C@H](C)c3ccc(S(=O)(=O)CC(=O)OCCOCCO)cc3)n(C)c2c1	CHEMBL4554160
6.71	Cc1cc(Cl)c2cc(C(=O)N[C@H](C)c3ccc(S(=O)(=O)CC(=O)OCCOCCO)cc3)n(C)c2c1	CHEMBL4554160
6.71	COC(=O)C[S+]([O-])c1ccc([C@@H](CO)NC(=O)c2cc3c(Cl)c(Cl)c(C)cc3n2C)cc1	CHEMBL4536159
6.71	COC(=O)C[S+]([O-])c1ccc([C@@H](CO)NC(=O)c2cc3c(Cl)c(Cl)c(C)cc3n2C)cc1	CHEMBL4536159
6.69	Cc1cc2c(cc(C(=O)N[C@H](CO)c3ccc([S@+]([O-])CC(=O)OC(C)C)cc3)n2C)c(Cl)c1Cl	CHEMBL4572088
6.69	Cc1cc2c(cc(C(=O)N[C@H](CO)c3ccc([S@+]([O-])CC(=O)OC(C)C)cc3)n2C)c(Cl)c1Cl	CHEMBL4572088
6.69	Cc1cc2c(cc(C(=O)N[C@H](CO)c3ccc(S(=O)(=O)CC(=O)O)cc3)n2C)c(Cl)c1Cl	CHEMBL4520837
6.68	S=C(SSC(=S)N1CCOCC1)N1CCOCC1	CHEMBL121556
6.68	Cc1cc2c(cc(C(=O)N[C@H](CO)c3ccc([S@@+]([O-])CC(=O)OC4CCOCC4)cc3)n2C)c(Cl)c1Cl	CHEMBL4571344
6.68	Cc1cc2c(cc(C(=O)N[C@H](CO)c3ccc([S@@+]([O-])CC(=O)OC4CCOCC4)cc3)n2C)c(Cl)c1Cl	CHEMBL4571344
6.68	C[C@@H](NC(=O)c1cc2cc(Cl)ccc2n1C)c1ccc(S(=O)(=O)C(C)(C)C(=O)O)cc1	CHEMBL4562201
6.68	C[C@@H](NC(=O)c1cc2cc(Cl)ccc2n1C)c1ccc(S(=O)(=O)C(C)(C)C(=O)O)cc1	CHEMBL4562201
6.67	O=C1NC[C@@H](COc2cc3[nH]c(C(=O)N[C@H](CO)c4ccc(C(=O)O)cc4)cc3cc2Cl)O1	CHEMBL4554985
6.67	COC(=O)CS(=O)(=O)c1ccc([C@@H](CO)NC(=O)c2cc3c(Cl)c(Cl)c(C)nc3n2C)cc1	CHEMBL4536737
6.67	COC(=O)CS(=O)(=O)c1ccc([C@@H](CO)NC(=O)c2cc3c(Cl)c(Cl)c(C)nc3n2C)cc1	CHEMBL4536737
6.66	COC(=O)C[S+]([O-])c1ccc([C@@H](CO)NC(=O)c2cc3c(Cl)cc(C)cc3n2C)cc1	CHEMBL4483790
6.66	COC(=O)C[S+]([O-])c1ccc([C@@H](CO)NC(=O)c2cc3c(Cl)cc(C)cc3n2C)cc1	CHEMBL4483790
6.65	CCOC(=O)CS(=O)(=O)c1ccc([C@@H](CO)NC(=O)c2cc3c(Cl)cc(C)cc3n2C)cc1	CHEMBL4579388
6.65	CCOC(=O)CS(=O)(=O)c1ccc([C@@H](CO)NC(=O)c2cc3c(Cl)cc(C)cc3n2C)cc1	CHEMBL4579388
6.64	Cc1cc(Cl)c2cc(C(=O)N[C@H](CO)c3ccc(S(=O)(=O)CC(=O)OC4CCOCC4)cc3)n(C)c2c1	CHEMBL4555089
6.64	Cc1cc(Cl)c2cc(C(=O)N[C@H](CO)c3ccc(S(=O)(=O)CC(=O)OC4CCOCC4)cc3)n(C)c2c1	CHEMBL4555089
6.64	C[C@@H](NC(=O)c1cc2c(Cl)c(Cl)ccc2n1C)c1ccc(C(=O)O)cc1	CHEMBL4469992
6.64	CC(=O)OCCOC(=O)CS(=O)(=O)c1ccc([C@@H](C)NC(=O)c2cc3c(Cl)cc(C)cc3n2C)cc1	CHEMBL4571043
6.64	CC(=O)OCCOC(=O)CS(=O)(=O)c1ccc([C@@H](C)NC(=O)c2cc3c(Cl)cc(C)cc3n2C)cc1	CHEMBL4571043
6.63	COc1cc2c(cc1Cl)cc(C(=O)N[C@H](C)c1ccc(C(=O)O)cc1)n2C	CHEMBL4466146
6.63	COc1cc2c(cc1Cl)cc(C(=O)NC(CO)c1ccc(C(=O)O)cc1)n2C	CHEMBL4576611
6.63	COC(=O)C[S@+]([O-])c1ccc([C@@H](C)NC(=O)c2cc3c(Cl)cc(C)cc3n2C)cc1	CHEMBL4590942
6.63	COC(=O)C[S@+]([O-])c1ccc([C@@H](C)NC(=O)c2cc3c(Cl)cc(C)cc3n2C)cc1	CHEMBL4590942
6.62	O=C1NC[C@@H](COc2cc3[nH]c(C(=O)N[C@H](CO)c4ccc(C(=O)O)cc4)cc3cc2Cl)O1	CHEMBL4554985
6.62	O=C1NC[C@@H](COc2cc3[nH]c(C(=O)N[C@H](CO)c4ccc(C(=O)O)cc4)cc3cc2Cl)O1	CHEMBL4554985
6.62	C[C@@H](NC(=O)c1cc2cc(Cl)ccc2n1C)c1ccc(S(=O)(=O)[C@@H](C)C(=O)O)cc1	CHEMBL4564816
6.62	C[C@@H](NC(=O)c1cc2cc(Cl)ccc2n1C)c1ccc(S(=O)(=O)[C@@H](C)C(=O)O)cc1	CHEMBL4564816
6.61	Cc1cc2c(cc(C(=O)N[C@H](CO)c3ccc(S(=O)(=O)CC(=O)OCC(C)(C)O)cc3)n2C)c(F)c1F	CHEMBL4558818
6.61	Cc1cc2c(cc(C(=O)N[C@H](CO)c3ccc(S(=O)(=O)CC(=O)OCC(C)(C)O)cc3)n2C)c(F)c1F	CHEMBL4558818
6.61	Cc1cc(Cl)c2cc(C(=O)N[C@H](C)c3ccc(C(=O)O)cc3)n(C)c2c1	CHEMBL4594097
6.61	COC(=O)CS(=O)(=O)c1ccc([C@@H](C)NC(=O)c2cc3cc(Cl)c(-c4cnn(CCN5CCOCC5)c4)cc3n2C)cc1	CHEMBL4535665
6.61	COC(=O)CS(=O)(=O)c1ccc([C@@H](C)NC(=O)c2cc3cc(Cl)c(-c4cnn(CCN5CCOCC5)c4)cc3n2C)cc1	CHEMBL4535665
6.61	CC(=O)OCC(CO)COC(=O)CS(=O)(=O)c1ccc([C@@H](C)NC(=O)c2cc3c(Cl)cc(C)cc3n2C)cc1	CHEMBL4547319
6.61	CC(=O)OCC(CO)COC(=O)CS(=O)(=O)c1ccc([C@@H](C)NC(=O)c2cc3c(Cl)cc(C)cc3n2C)cc1	CHEMBL4547319
6.6	Cc1cc2c(cc(C(=O)N[C@H](C)c3ccc(C(=O)O)cc3)n2C)c2ccccc12	CHEMBL4522467
6.6	Cc1cc(Cl)c2cc(C(=O)N[C@H](C)c3ccc(S(=O)(=O)CC(=O)O[C@@H]4CCOC4)cc3)n(C)c2c1	CHEMBL4554121
6.6	Cc1cc(Cl)c2cc(C(=O)N[C@H](C)c3ccc(S(=O)(=O)CC(=O)O[C@@H]4CCOC4)cc3)n(C)c2c1	CHEMBL4554121
6.6	Cc1cc(Cl)c2cc(C(=O)N[C@H](C)c3ccc(S(=O)(=O)CC(=O)OCCOC(=O)CS(=O)(=O)c4ccc([C@@H](C)NC(=O)c5cc6c(Cl)cc(C)cc6n5C)cc4)cc3)n(C)c2c1	CHEMBL4568312
6.59	Cc1cc2c(cc(C(=O)N[C@H](CO)c3ccc(S(=O)(=O)CC(=O)OCCCO)cc3)n2C)c(F)c1F	CHEMBL4587097
6.59	Cc1cc2c(cc(C(=O)N[C@H](CO)c3ccc(S(=O)(=O)CC(=O)OCCCO)cc3)n2C)c(F)c1F	CHEMBL4587097
6.59	C[C@@H](NC(=O)c1cc2cc(Cl)ccc2n1C)c1ccc(C(=O)O)cc1	CHEMBL4446511
6.59	CCOC(=O)CS(=O)(=O)c1ccc([C@@H](CO)NC(=O)c2cc3c(Cl)c(Cl)c(C)cc3n2C)cc1	CHEMBL4518579
6.59	CCOC(=O)CS(=O)(=O)c1ccc([C@@H](CO)NC(=O)c2cc3c(Cl)c(Cl)c(C)cc3n2C)cc1	CHEMBL4518579
6.58	O=C1NC[C@@H](COc2cc3[nH]c(C(=O)N[C@H](CO)c4ccc(C(=O)O)cc4)cc3cc2Cl)O1	CHEMBL4554985
6.58	Cc1cc(Cl)c2cc(C(=O)N[C@H](CO)c3ccc(S(=O)(=O)CC(=O)OC(C)C)cc3)n(C)c2c1	CHEMBL4569120
6.58	Cc1cc(Cl)c2cc(C(=O)N[C@H](CO)c3ccc(S(=O)(=O)CC(=O)OC(C)C)cc3)n(C)c2c1	CHEMBL4569120
6.57	CCOC(=O)CS(=O)(=O)c1ccc([C@@H](CO)NC(=O)c2cc3c(F)c(F)c(C)cc3n2C)cc1	CHEMBL4522256
6.57	CCOC(=O)CS(=O)(=O)c1ccc([C@@H](CO)NC(=O)c2cc3c(F)c(F)c(C)cc3n2C)cc1	CHEMBL4522256
6.54	C[C@@H](NC(=O)c1cc2c(Cl)cc(N3CCN(C)CC3)cc2n1C)c1ccc(S(=O)(=O)CC(=O)O)cc1	CHEMBL4521064
6.54	C[C@@H](NC(=O)c1cc2c(Cl)cc(N3CCN(C)CC3)cc2n1C)c1ccc(S(=O)(=O)CC(=O)O)cc1	CHEMBL4521064
6.54	CONC(=O)Cc1ccc(C2(NC(=O)c3cc4c(Cl)c(Cl)ccc4n3C)COC2)cc1	CHEMBL4445276
6.54	COCCOC(=O)CS(=O)(=O)c1ccc([C@@H](C)NC(=O)c2cc3c(Cl)c(Cl)c(C)nc3n2C)cc1	CHEMBL4550915
6.54	COCCOC(=O)CS(=O)(=O)c1ccc([C@@H](C)NC(=O)c2cc3c(Cl)c(Cl)c(C)nc3n2C)cc1	CHEMBL4550915
6.54	COC(=O)C[S@@+]([O-])c1ccc([C@@H](CO)NC(=O)c2cc3c(Cl)c(Cl)c(C)cc3n2C)cc1	CHEMBL4556952
6.54	COC(=O)C[S@@+]([O-])c1ccc([C@@H](CO)NC(=O)c2cc3c(Cl)c(Cl)c(C)cc3n2C)cc1	CHEMBL4556952
6.54	CCOCCOCCOC(=O)CS(=O)(=O)c1ccc([C@@H](C)NC(=O)c2cc3c(Cl)cc(C)cc3n2C)cc1	CHEMBL4579433
6.54	CCOCCOCCOC(=O)CS(=O)(=O)c1ccc([C@@H](C)NC(=O)c2cc3c(Cl)cc(C)cc3n2C)cc1	CHEMBL4579433
6.53	COC(=O)C[S+]([O-])c1ccc([C@@H](C)NC(=O)c2cc3c(Cl)c(Cl)c(C)cc3n2C)cc1	CHEMBL4591884
6.53	COC(=O)C[S+]([O-])c1ccc([C@@H](C)NC(=O)c2cc3c(Cl)c(Cl)c(C)cc3n2C)cc1	CHEMBL4591884
6.52	Cn1nc(-c2ccc(F)cc2)cc1C(=O)N[C@H](CO)c1ccc(S(=O)(=O)CC(=O)O)cc1	CHEMBL4552569
6.52	Cn1nc(-c2ccc(F)cc2)cc1C(=O)N[C@H](CO)c1ccc(S(=O)(=O)CC(=O)O)cc1	CHEMBL4552569
6.52	Cc1cc2c(cc(C(=O)N[C@H](CO)c3ccc([S@+]([O-])CC(=O)OC(C)C)cc3)n2C)c(Cl)c1Cl	CHEMBL4572088
6.52	Cc1cc2c(cc(C(=O)N[C@H](CO)c3ccc([S@+]([O-])CC(=O)OC(C)C)cc3)n2C)c(Cl)c1Cl	CHEMBL4572088
6.52	Cc1cc(Cl)c2cc(C(=O)N[C@H](C)c3ccc(S(=O)(=O)CC(=O)OCC4(C)COC4)cc3)n(C)c2c1	CHEMBL4550162
6.52	Cc1cc(Cl)c2cc(C(=O)N[C@H](C)c3ccc(S(=O)(=O)CC(=O)OCC4(C)COC4)cc3)n(C)c2c1	CHEMBL4550162
6.52	C[C@@H](NC(=O)c1cc(-c2ccccc2)nn1C)c1ccc(C(=O)NS(C)(=O)=O)cc1	CHEMBL4528650
6.52	CCc1cc(Cl)c2cc(C(=O)N[C@H](C)c3ccc(C(=O)O)cc3)n(C)c2c1	CHEMBL4473052
6.51	CCOC(=O)CS(=O)(=O)c1ccc([C@@H](C)NC(=O)c2cc(-n3ccc4ccccc43)nn2C)cc1	CHEMBL4555852
6.47	S=C(SSC(=S)N1CCSCC1)N1CCSCC1	CHEMBL573920
6.47	C[C@@H](NC(=O)c1cc2cc(Cl)c(Br)cc2n1C)c1ccc(C(=O)O)cc1	CHEMBL4560125
6.46	C[C@@H](NC(=O)c1cc2c3ccccc3ccc2n1C)c1ccc(C(=O)O)cc1	CHEMBL4457646
6.44	S=C(Nc1ccccc1)SSC(=S)Nc1ccccc1	CHEMBL5280698
6.43	Cn1c(C(=O)NC2(c3ccc([C@@H](O)c4cccnc4)cc3)COC2)cc2c(Cl)c(Cl)ccc21	CHEMBL4585294
6.42	S=C(SSC(=S)N1CCc2ccccc2C1)N1CCc2ccccc2C1	CHEMBL583524
6.41	CO[C@@H](C)COC(=O)CS(=O)(=O)c1ccc([C@@H](C)NC(=O)c2cc3c(Cl)cc(C)cc3n2C)cc1	CHEMBL4548661
6.41	CO[C@@H](C)COC(=O)CS(=O)(=O)c1ccc([C@@H](C)NC(=O)c2cc3c(Cl)cc(C)cc3n2C)cc1	CHEMBL4548661
6.4	C[C@@H](NC(=O)c1cc(-c2ccccc2)nn1C)c1ccc(C(=O)O)cc1	CHEMBL4435368
6.39	S=C(SSC(=S)N1CCN(c2ccccc2)CC1)N1CCN(c2ccccc2)CC1	CHEMBL569626
6.38	Cc1cc2c(cc1Cl)cc(C(=O)N[C@H](C)c1ccc(C(=O)O)cc1)n2C	CHEMBL4474620
6.38	Cc1cc2c(cc(C(=O)N[C@H](CO)c3ccc(S(=O)(=O)CC(=O)OCC(C)(C)CO)cc3)n2C)c(Cl)c1Cl	CHEMBL4515646
6.38	Cc1cc2c(cc(C(=O)N[C@H](CO)c3ccc(S(=O)(=O)CC(=O)OCC(C)(C)CO)cc3)n2C)c(Cl)c1Cl	CHEMBL4515646
6.38	Cc1cc2c(cc(C(=O)N[C@H](C)c3ccc(S(=O)(=O)CC(=O)O[13CH3])cc3)n2C)c(Cl)c1Cl	CHEMBL4549860
6.38	Cc1cc(Cl)c2cc(C(=O)N[C@H](C)c3ccc(S(=O)(=O)CC(=O)O[C@H]4CCOC4)cc3)n(C)c2c1	CHEMBL4561566
6.38	Cc1cc(Cl)c2cc(C(=O)N[C@H](C)c3ccc(S(=O)(=O)CC(=O)O[C@H]4CCOC4)cc3)n(C)c2c1	CHEMBL4561566
6.38	COC(=O)CS(=O)(=O)c1ccc([C@@H](C)NC(=O)c2cc3c(Cl)cc(C)cc3n2C)cc1	CHEMBL4580038
6.38	COC(=O)CS(=O)(=O)c1ccc([C@@H](C)NC(=O)c2cc3c(Cl)cc(C)cc3n2C)cc1	CHEMBL4580038
6.38	COC(=O)CS(=O)(=O)c1ccc([C@@H](C)NC(=O)c2cc3c(Cl)c(Cl)c(C)cc3n2C)cc1	CHEMBL4526788
6.38	CN(C(=S)SSC(=S)N(C)c1ccccc1)c1ccccc1	CHEMBL570804
6.38	CC1CCC(C)N1C(=S)SSC(=S)N1C(C)CCC1C	CHEMBL5271472
6.37	Cc1cc2c(cc(C(=O)N[C@H](CO)c3ccc([S+]([O-])CC(=O)OC(C)C)cc3)n2C)c(Cl)c1Cl	CHEMBL4556292
6.37	Cc1cc2c(cc(C(=O)N[C@H](CO)c3ccc([S+]([O-])CC(=O)OC(C)C)cc3)n2C)c(Cl)c1Cl	CHEMBL4556292
6.37	CC(=O)OCC(COC(C)=O)COC(=O)CS(=O)(=O)c1ccc([C@@H](C)NC(=O)c2cc3c(Cl)cc(C)cc3n2C)cc1	CHEMBL4539796
6.37	CC(=O)OCC(COC(C)=O)COC(=O)CS(=O)(=O)c1ccc([C@@H](C)NC(=O)c2cc3c(Cl)cc(C)cc3n2C)cc1	CHEMBL4539796
6.36	Cn1c(C(=O)NC2(c3ccc(CC(=O)NS(C)(=O)=O)cc3)COC2)cc2c(Cl)c(Cl)ccc21	CHEMBL4529734
6.36	COC(=O)C[S+]([O-])c1ccc([C@@H](C)NC(=O)c2cc3c(Cl)c(Cl)c(C)cc3n2C)cc1	CHEMBL4591884
6.36	COC(=O)C[S+]([O-])c1ccc([C@@H](C)NC(=O)c2cc3c(Cl)c(Cl)c(C)cc3n2C)cc1	CHEMBL4591884
6.36	COC(=O)CS(=O)(=O)c1ccc([C@@H](C)NC(=O)c2cc3c(Cl)c(Cl)c(C)cc3n2C)cc1	CHEMBL4526788
6.36	COC(=O)CS(=O)(=O)c1ccc([C@@H](C)NC(=O)c2cc3c(Cl)c(Cl)c(C)cc3n2C)cc1	CHEMBL4526788
6.35	COC(=O)C[S@@+]([O-])c1ccc([C@@H](CO)NC(=O)c2cc3c(Cl)cc(C)cc3n2C)cc1	CHEMBL4530745
6.35	COC(=O)C[S@@+]([O-])c1ccc([C@@H](CO)NC(=O)c2cc3c(Cl)cc(C)cc3n2C)cc1	CHEMBL4530745
6.33	Cc1cc2c(cc(C(=O)N[C@H](CO)c3ccc(S(=O)(=O)CC(=O)OC(C)C)cc3)n2C)c(Cl)c1F	CHEMBL4542526
6.33	Cc1cc2c(cc(C(=O)N[C@H](CO)c3ccc(S(=O)(=O)CC(=O)OC(C)C)cc3)n2C)c(Cl)c1F	CHEMBL4542526
6.33	Cc1cc2c(cc(C(=O)N[C@H](CO)c3ccc(S(=O)(=O)CC(=O)OC(C)C)cc3)n2C)c(Cl)c1Cl	CHEMBL4542730
6.33	Cc1cc2c(cc(C(=O)N[C@H](CO)c3ccc(S(=O)(=O)CC(=O)OC(C)C)cc3)n2C)c(Cl)c1Cl	CHEMBL4542730
6.31	COC(=O)CS(=O)(=O)c1ccc([C@@H](C)NC(=O)c2cc3c(Cl)c(Cl)c(C)nc3n2C)cc1	CHEMBL4587490
6.31	COC(=O)CS(=O)(=O)c1ccc([C@@H](C)NC(=O)c2cc3c(Cl)c(Cl)c(C)nc3n2C)cc1	CHEMBL4587490
6.31	CC(C)OC(=O)CS(=O)(=O)c1ccc([C@@H](C)NC(=O)c2cc3c(Cl)cc(-c4cnn(C)c4)cc3n2C)cc1	CHEMBL4584709
6.3	C[C@@H](NC(=O)c1cc(-c2ccccc2)nn1C)c1ccc(S(=O)(=O)CC(=O)OCCN(C)C)cc1	CHEMBL4518763
6.3	C[C@@H](NC(=O)c1cc(-c2ccccc2)nn1C)c1ccc(S(=O)(=O)CC(=O)OCCN(C)C)cc1	CHEMBL4518763
6.29	S=C(SSC(=S)N1CCCCC1)N1CCCCC1	CHEMBL121516
6.29	Cc1cc2c(cc(C(=O)N[C@H](CO)c3ccc(S(=O)(=O)CC(=O)OCC(C)(C)CO)cc3)n2C)c(F)c1F	CHEMBL4560176
6.29	Cc1cc2c(cc(C(=O)N[C@H](CO)c3ccc(S(=O)(=O)CC(=O)OCC(C)(C)CO)cc3)n2C)c(F)c1F	CHEMBL4560176
6.29	COC(=O)C1(S(=O)(=O)c2ccc([C@@H](C)NC(=O)c3cc4c(Cl)cc(C)cc4n3C)cc2)CC1	CHEMBL4580872
6.28	CCOC(=O)CS(=O)(=O)c1ccc([C@@H](CO)NC(=O)c2cc3c(F)c(F)c(C)cc3n2C)cc1	CHEMBL4522256
6.28	CCOC(=O)CS(=O)(=O)c1ccc([C@@H](CO)NC(=O)c2cc3c(F)c(F)c(C)cc3n2C)cc1	CHEMBL4522256
6.24	S=C(SSC(=S)N1CCN(C2CCCCC2)CC1)N1CCN(C2CCCCC2)CC1	CHEMBL570565
6.24	Cc1cc2c(cc(C(=O)N[C@H](CO)c3ccc(S(=O)(=O)CC(=O)OC4CCOCC4)cc3)n2C)c(F)c1F	CHEMBL4567743
6.24	Cc1cc2c(cc(C(=O)N[C@H](CO)c3ccc(S(=O)(=O)CC(=O)OC4CCOCC4)cc3)n2C)c(F)c1F	CHEMBL4567743
6.24	COC(C)(C)COC(=O)CS(=O)(=O)c1ccc([C@@H](C)NC(=O)c2cc3c(Cl)cc(C)cc3n2C)cc1	CHEMBL4564596
6.24	COC(C)(C)COC(=O)CS(=O)(=O)c1ccc([C@@H](C)NC(=O)c2cc3c(Cl)cc(C)cc3n2C)cc1	CHEMBL4564596
6.24	CC1CCN(C(=S)SSC(=S)N2CCC(C)CC2)CC1	CHEMBL576671
6.23	COC(=O)CS(=O)(=O)c1ccc([C@@H](C)NC(=O)c2cc3c(Cl)cc(C)c(C)c3n2C)cc1	CHEMBL4537214
6.23	COC(=O)CS(=O)(=O)c1ccc([C@@H](C)NC(=O)c2cc3c(Cl)cc(C)c(C)c3n2C)cc1	CHEMBL4537214
6.23	COC(=O)CS(=O)(=O)c1ccc([C@@H](C)NC(=O)c2cc(-c3ccccc3)nn2C)cn1	CHEMBL4551528
6.23	CCN(CC)C(=S)SSC(=S)N(CC)CC	CHEMBL964
6.21	COC(=O)C[S+]([O-])c1ccc([C@@H](C)NC(=O)c2cc3c(Cl)cc(C)cc3n2C)cc1	CHEMBL4591067
6.21	COC(=O)C[S+]([O-])c1ccc([C@@H](C)NC(=O)c2cc3c(Cl)cc(C)cc3n2C)cc1	CHEMBL4591067
6.19	COCCC(C(=O)OC)S(=O)(=O)c1ccc([C@@H](C)NC(=O)c2cc3c(Cl)cc(C)cc3n2C)cc1	CHEMBL4544578
6.19	COCCC(C(=O)OC)S(=O)(=O)c1ccc([C@@H](C)NC(=O)c2cc3c(Cl)cc(C)cc3n2C)cc1	CHEMBL4544578
6.16	Cc1cc2c(cc(C(=O)N[C@H](CO)c3ccc([S@@+]([O-])CC(=O)OC(C)C)cc3)n2C)c(F)c1F	CHEMBL4532917
6.16	Cc1cc2c(cc(C(=O)N[C@H](CO)c3ccc([S@@+]([O-])CC(=O)OC(C)C)cc3)n2C)c(F)c1F	CHEMBL4532917
6.16	Cc1cc(Cl)c2cc(C(=O)N[C@H](CO)c3ccc([S+]([O-])CC(=O)OC(C)C)cc3)n(C)c2c1	CHEMBL4540031
6.16	Cc1cc(Cl)c2cc(C(=O)N[C@H](CO)c3ccc([S+]([O-])CC(=O)OC(C)C)cc3)n(C)c2c1	CHEMBL4540031
6.15	Cc1cc(Cl)c2cc(C(=O)N[C@H](C)c3ccc(S(=O)(=O)CC(=O)OCCNC(=O)OC(C)(C)C)cc3)n(C)c2c1	CHEMBL4522341
6.15	Cc1cc(Cl)c2cc(C(=O)N[C@H](C)c3ccc(S(=O)(=O)CC(=O)OCCNC(=O)OC(C)(C)C)cc3)n(C)c2c1	CHEMBL4522341
6.15	C[C@@H](NC(=O)c1cc2c(Cl)cc(C(F)F)cc2n1C)c1ccc(C(=O)O)cc1	CHEMBL4444192
6.15	C[C@@H](NC(=O)c1cc(-c2ccc(F)cc2)nn1C)c1ccc(S(=O)(=O)CC(=O)OCC2COC2)cc1	CHEMBL4576663
6.15	C[C@@H](NC(=O)c1cc(-c2ccc(F)cc2)nn1C)c1ccc(S(=O)(=O)CC(=O)OCC2COC2)cc1	CHEMBL4576663
6.13	COc1cc(Cl)cc2cc(C(=O)N[C@H](C)c3ccc(C(=O)O)cc3)n(C)c12	CHEMBL4437057
6.13	CCOC(=O)CS(=O)(=O)c1ccc([C@@H](C)NC(=O)c2cc3cc(Cl)c(-c4cnn(CCN5CCOCC5)c4)cc3n2C)cc1	CHEMBL4578151
6.13	CCOC(=O)CS(=O)(=O)c1ccc([C@@H](C)NC(=O)c2cc3cc(Cl)c(-c4cnn(CCN5CCOCC5)c4)cc3n2C)cc1	CHEMBL4578151
6.12	C[C@@H](NC(=O)c1cc(-c2ccc(F)cc2)nn1C)c1ccc(S(=O)(=O)CC(=O)OCCO)cc1	CHEMBL4482869
6.12	C[C@@H](NC(=O)c1cc(-c2ccc(F)cc2)nn1C)c1ccc(S(=O)(=O)CC(=O)OCCO)cc1	CHEMBL4482869
6.1	Cc1cc2c(cc(C(=O)N[C@H](CO)c3ccc([S+]([O-])CC(=O)OC(C)C)cc3)n2C)c(Cl)c1Cl	CHEMBL4556292
6.1	Cc1cc2c(cc(C(=O)N[C@H](CO)c3ccc([S+]([O-])CC(=O)OC(C)C)cc3)n2C)c(Cl)c1Cl	CHEMBL4556292
6.1	CC(NC(=O)c1cc(-c2ccccc2)nn1C)c1ccc(CC(=O)O)cc1	CHEMBL4561620
6.09	Cc1cc2c(cc(C(=O)N[C@H](CO)c3ccc([S@@+]([O-])CC(=O)OC(C)C)cc3)n2C)c(Cl)c1Cl	CHEMBL4520834
6.09	Cc1cc2c(cc(C(=O)N[C@H](CO)c3ccc([S@@+]([O-])CC(=O)OC(C)C)cc3)n2C)c(Cl)c1Cl	CHEMBL4520834
6.09	CCOC(=O)CS(=O)(=O)c1ccc([C@@H](C)NC(=O)c2cc3c(Cl)cc(-c4cnn(C)c4)cc3n2C)cc1	CHEMBL4565578
6.09	CCOC(=O)CS(=O)(=O)c1ccc([C@@H](C)NC(=O)c2cc3c(Cl)cc(-c4cnn(C)c4)cc3n2C)cc1	CHEMBL4565578
6.09	CC(=O)OCOC(=O)CS(=O)(=O)c1ccc([C@@H](C)NC(=O)c2cc(-c3ccccc3)nn2C)cc1	CHEMBL4531113
6.09	CC(=O)OCOC(=O)CS(=O)(=O)c1ccc([C@@H](C)NC(=O)c2cc(-c3ccccc3)nn2C)cc1	CHEMBL4531113
6.08	C[C@@H](NC(=O)c1cc2cc(Cl)cc(OC(F)(F)F)c2n1C)c1ccc(C(=O)O)cc1	CHEMBL4520181
6.08	COCCC(C(=O)OC)S(=O)(=O)c1ccc([C@@H](C)NC(=O)c2cc3c(Cl)cc(C)cc3n2C)cc1	CHEMBL4544578
6.05	Cc1cc(Cl)c2cc(C(=O)N[C@H](C)c3ccc(S(=O)(=O)C(C)C(=O)OC(C)(C)C)cc3)n(C)c2c1	CHEMBL4563782
6.05	CC(NC(=O)c1cc(-c2ccccc2)nn1C)c1ccc(C(=O)O)cc1	CHEMBL4476414
6.04	Cc1cc(Cl)c2cc(C(=O)N[C@H](C)c3ccc(S(=O)(=O)C(C)(C)C(=O)OC(C)C)cc3)n(C)c2c1	CHEMBL4573246
6.04	COC(=O)CS(=O)(=O)c1ccc([C@@H](C)NC(=O)c2cc3c(Cl)cc(-c4cnn(C)c4)cc3n2C)cc1	CHEMBL4565378
6.04	COC(=O)CS(=O)(=O)c1ccc([C@@H](C)NC(=O)c2cc3c(Cl)cc(-c4cnn(C)c4)cc3n2C)cc1	CHEMBL4565378
6.03	C[C@@H](NC(=O)c1cc(-c2ccc(F)cc2)nn1C)c1ccc(S(=O)(=O)CC(=O)OCC2(C)COC2)cc1	CHEMBL4527489
6.03	C[C@@H](NC(=O)c1cc(-c2ccc(F)cc2)nn1C)c1ccc(S(=O)(=O)CC(=O)OCC2(C)COC2)cc1	CHEMBL4527489
6.03	COC(=O)CS(=O)(=O)c1ccc([C@@H](C)NC(=O)c2cc3c4ccccc4c(C)cc3n2C)cc1	CHEMBL4589395
6.03	COC(=O)CS(=O)(=O)c1ccc([C@@H](C)NC(=O)c2cc3c4ccccc4c(C)cc3n2C)cc1	CHEMBL4589395
6.02	CCOC(=O)CS(=O)(=O)c1ccc([C@@H](C)NC(=O)c2cc3c(Cl)cc(C)cc3n2C)cc1	CHEMBL4522081
6.02	CCOC(=O)CS(=O)(=O)c1ccc([C@@H](C)NC(=O)c2cc3c(Cl)cc(C)cc3n2C)cc1	CHEMBL4522081
6.01	CC(C)OC(=O)CS(=O)(=O)c1ccc([C@H](CO)NC(=O)c2cc3c(Cl)cc(N4CCN(C)CC4)cc3n2C)cc1	CHEMBL4574684
6.01	CC(C)OC(=O)CS(=O)(=O)c1ccc([C@@H](CO)NC(=O)c2cc3c(Cl)cc(N4CCN(C)CC4)cc3n2C)cc1	CHEMBL5770023
6.0	Cn1c(C(=O)NC2(c3ccc([C@H](O)c4cccnc4)cc3)COC2)cc2c(Cl)c(Cl)ccc21	CHEMBL4556384
6.0	CN(C(=S)SSC(=S)N(C)C1CCCCC1)C1CCCCC1	CHEMBL576697
5.99	Cc1cc2c(cc(C(=O)N[C@H](CO)c3ccc([S@@+]([O-])CC(=O)OC(C)C)cc3)n2C)c(Cl)c1Cl	CHEMBL4520834
5.99	Cc1cc2c(cc(C(=O)N[C@H](CO)c3ccc([S@@+]([O-])CC(=O)OC(C)C)cc3)n2C)c(Cl)c1Cl	CHEMBL4520834
5.98	Cc1cc(Cl)c2cc(C(=O)N[C@H](C)c3ccc(S(=O)(=O)CC(=O)OC4CCOCC4)cc3)n(C)c2c1	CHEMBL4557404
5.98	Cc1cc(Cl)c2cc(C(=O)N[C@H](C)c3ccc(S(=O)(=O)CC(=O)OC4CCOCC4)cc3)n(C)c2c1	CHEMBL4557404
5.97	Cc1cc2c(cc(C(=O)N[C@H](CO)c3ccc([S+]([O-])CC(=O)OC(C)C)cc3)n2C)c(F)c1F	CHEMBL4518139
5.97	Cc1cc2c(cc(C(=O)N[C@H](CO)c3ccc([S+]([O-])CC(=O)OC(C)C)cc3)n2C)c(F)c1F	CHEMBL4518139
5.97	Cc1cc2c(cc(C(=O)N[C@H](C)c3ccc(S(=O)(=O)CC(=O)O)cc3)n2C)c(Cl)c1Cl	CHEMBL4436264
5.96	CCOC(=O)CS(=O)(=O)c1ccc([C@@H](C)NC(=O)c2cc3c(Cl)c(Cl)c(C)nc3n2C)cc1	CHEMBL4593777
5.96	CCOC(=O)CS(=O)(=O)c1ccc([C@@H](C)NC(=O)c2cc3c(Cl)c(Cl)c(C)nc3n2C)cc1	CHEMBL4593777
5.95	Cc1cc2c(cc(C(=O)N[C@H](CO)c3ccc(S(=O)(=O)CC(=O)OC(C)C)cc3)n2C)c(F)c1F	CHEMBL4537483
5.95	Cc1cc2c(cc(C(=O)N[C@H](CO)c3ccc(S(=O)(=O)CC(=O)OC(C)C)cc3)n2C)c(F)c1F	CHEMBL4537483
5.95	COC(=O)C[S@@+]([O-])c1ccc([C@@H](C)NC(=O)c2cc3c(Cl)cc(C)cc3n2C)cc1	CHEMBL4574848
5.95	COC(=O)C[S@@+]([O-])c1ccc([C@@H](C)NC(=O)c2cc3c(Cl)cc(C)cc3n2C)cc1	CHEMBL4574848
5.95	COC(=O)CS(=O)(=O)c1ccc([C@@H](C)NC(=O)c2cc3c(Cl)cc(C)cc3n2C)nc1	CHEMBL4563552
5.95	COC(=O)CS(=O)(=O)c1ccc([C@@H](C)NC(=O)c2cc3c(Cl)cc(C)cc3n2C)nc1	CHEMBL4563552
5.94	Cc1cc(Cl)c2cc(C(=O)N[C@H](CO)c3ccc(S(=O)(=O)CC(=O)OC(C)C)cc3)n(C)c2n1	CHEMBL4515615
5.94	Cc1cc(Cl)c2cc(C(=O)N[C@H](CO)c3ccc(S(=O)(=O)CC(=O)OC(C)C)cc3)n(C)c2n1	CHEMBL4515615
5.92	Cc1cc(Cl)c2cc(C(=O)N[C@H](CO)c3ccc([S+]([O-])CC(=O)OC(C)C)cc3)n(C)c2c1	CHEMBL4540031
5.92	Cc1cc(Cl)c2cc(C(=O)N[C@H](CO)c3ccc([S+]([O-])CC(=O)OC(C)C)cc3)n(C)c2c1	CHEMBL4540031
5.92	Cc1cc(Cl)c2cc(C(=O)N[C@H](C)c3ccc(S(=O)(=O)C(C)(C)C(=O)O)cc3)n(C)c2c1	CHEMBL4572814
5.91	COC(=O)C(C)(C)S(=O)(=O)c1ccc([C@@H](CO)NC(=O)c2cc3c(Cl)c(Cl)c(C)cc3n2C)cc1	CHEMBL4541133
5.91	COC(=O)C(C)(C)S(=O)(=O)c1ccc([C@@H](CO)NC(=O)c2cc3c(Cl)c(Cl)c(C)cc3n2C)cc1	CHEMBL4541133
5.9	COC(=O)CS(=O)(=O)c1ccc([C@@H](C)NC(=O)c2cc(-c3cccc4cc[nH]c34)nn2C)cc1	CHEMBL4538535
5.9	COC(=O)CS(=O)(=O)c1ccc([C@@H](C)NC(=O)c2cc(-c3cccc4cc[nH]c34)nn2C)cc1	CHEMBL4538535
5.9	COC(=O)CS(=O)(=O)c1ccc([C@@H](C)NC(=O)c2cc(-c3ccc(F)cc3)nn2C)cc1	CHEMBL4545321
5.9	COC(=O)CS(=O)(=O)c1ccc([C@@H](C)NC(=O)c2cc(-c3ccc(F)cc3)nn2C)cc1	CHEMBL4545321
5.89	Cn1nc(-c2ccccc2)cc1C(=O)NC(C)(C)c1ccc(C(=O)O)cc1	CHEMBL4524921
5.89	COc1cc(F)c(Cl)c2cc(C(=O)N[C@H](C)c3ccc(C(=O)O)cc3)n(C)c12	CHEMBL4460522
5.88	CCOC(=O)CS(=O)(=O)c1ccc([C@@H](C)NC(=O)c2cc(-c3ccccc3)n(C)n2)cc1	CHEMBL4561348
5.88	CCOC(=O)C(c1ccc(C2(NC(=O)c3cc4c(Cl)c(Cl)ccc4n3C)COC2)cc1)c1cccnc1	CHEMBL4473812
5.87	COC(=O)CS(=O)(=O)c1ccc([C@@H](C)NC(=O)c2cc(-c3ccccc3)nn2C)cc1	CHEMBL4572256
5.87	COC(=O)CS(=O)(=O)c1ccc([C@@H](C)NC(=O)c2cc(-c3ccccc3)nn2C)cc1	CHEMBL4572256
5.87	CC(C)OC(=O)CS(=O)(=O)c1ccc([C@@H](C)NC(=O)c2cc3cc(Cl)c(-c4cnn(CCN5CCOCC5)c4)cc3n2C)cc1	CHEMBL4590502
5.87	CC(C)OC(=O)CS(=O)(=O)c1ccc([C@@H](C)NC(=O)c2cc3cc(Cl)c(-c4cnn(CCN5CCOCC5)c4)cc3n2C)cc1	CHEMBL4590502
5.86	S=C(SSC(=S)N(C1CCCCC1)C1CCCCC1)N(C1CCCCC1)C1CCCCC1	CHEMBL3793313
5.86	Cc1cc(Cl)c2cc(C(=O)N[C@H](CO)c3ccc(S(=O)(=O)CC(=O)O)cc3)n(C)c2c1	CHEMBL4533417
5.85	O=C(COc1cc2[nH]c(C(=O)N[C@H](CO)c3ccc(C(=O)O)cc3)cc2cc1Cl)NCCO	CHEMBL4061884
5.85	Cc1cc(Cl)c2cc(C(=O)N[C@H](C)c3ccc(S(=O)(=O)CC(=O)OCC(CO)COC(=O)C(C)(C)C)cc3)n(C)c2c1	CHEMBL4532009
5.85	Cc1cc(Cl)c2cc(C(=O)N[C@H](C)c3ccc(S(=O)(=O)CC(=O)OCC(CO)COC(=O)C(C)(C)C)cc3)n(C)c2c1	CHEMBL4532009
5.85	C[C@@H](NC(=O)c1cc(-c2ccccc2)nn1C)c1ccc(N(CC(=O)O)S(C)(=O)=O)cc1	CHEMBL4521090
5.84	C[C@@H](NC(=O)c1cc(-c2ccccc2)nn1C)c1ccc(S(=O)(=O)CC(=O)OCCF)cc1	CHEMBL4574071
5.84	C[C@@H](NC(=O)c1cc(-c2ccccc2)nn1C)c1ccc(S(=O)(=O)CC(=O)OCCF)cc1	CHEMBL4574071
5.84	COCCOC(=O)CS(=O)(=O)c1ccc([C@@H](C)NC(=O)c2cc(-c3ccccc3)nn2C)cc1	CHEMBL4548024
5.84	COCCOC(=O)CS(=O)(=O)c1ccc([C@@H](C)NC(=O)c2cc(-c3ccccc3)nn2C)cc1	CHEMBL4548024
5.84	CC(=O)OC(C)OC(=O)C(c1ccc(C2(NC(=O)c3cc4c(Cl)c(Cl)ccc4n3C)COC2)cc1)c1cccnc1	CHEMBL4589459
5.8	Cn1c(C(=O)NC2(c3ccc(CO)cc3)COC2)cc2c(Cl)c(Cl)ccc21	CHEMBL4442828
5.78	C[C@H]1C(=O)OC([C@@H](O)[C@](C)(O)C2[C@@H](O)CC3C4C[C@H]5O[C@]56[C@@H](O)C=CC(=O)[C@]6(C)C4CC[C@@]32C)[C@@H]1C	CHEMBL5269783
5.77	COC(=O)C(C)S(=O)(=O)c1ccc([C@@H](C)NC(=O)c2cc3c(Cl)cc(C)cc3n2C)cc1	CHEMBL4584313
5.77	COC(=O)C(C)S(=O)(=O)c1ccc([C@@H](C)NC(=O)c2cc3c(Cl)cc(C)cc3n2C)cc1	CHEMBL4584313
5.77	C#Cc1cc(Cl)c2cc(C(=O)NC(C)c3ccc(S(=O)(=O)CC(=O)OC)cc3)n(C)c2c1	CHEMBL4524990
5.77	C#Cc1cc(Cl)c2cc(C(=O)NC(C)c3ccc(S(=O)(=O)CC(=O)OC)cc3)n(C)c2c1	CHEMBL4524990
5.76	Cc1cc2c(cc(C(=O)N[C@H](C)c3ccc([S+]([O-])CC(=O)OC(C)C)cc3)n2C)c(Cl)c1Cl	CHEMBL4554611
5.76	Cc1cc2c(cc(C(=O)N[C@H](C)c3ccc([S+]([O-])CC(=O)OC(C)C)cc3)n2C)c(Cl)c1Cl	CHEMBL4554611
5.75	COC(=O)CS(=O)(=O)c1ccc(C(C)NC(=O)c2cc3c(Cl)cc(I)cc3n2C)cc1	CHEMBL4550489
5.75	COC(=O)CS(=O)(=O)c1ccc(C(C)NC(=O)c2cc3c(Cl)cc(I)cc3n2C)cc1	CHEMBL4550489
5.74	Cc1cc(Cl)c2cc(C(=O)N[C@H](C)c3ccc(S(=O)(=O)CC(=O)OCCOC(=O)C(C)(C)C)cc3)n(C)c2c1	CHEMBL4569620
5.74	Cc1cc(Cl)c2cc(C(=O)N[C@H](C)c3ccc(S(=O)(=O)CC(=O)OCCOC(=O)C(C)(C)C)cc3)n(C)c2c1	CHEMBL4569620
5.74	Cc1cc(Cl)c2cc(C(=O)N[C@H](C)c3ccc(S(=O)(=O)CC(=O)OC(C)C)cc3)n(C)c2n1	CHEMBL4553658
5.74	Cc1cc(Cl)c2cc(C(=O)N[C@H](C)c3ccc(S(=O)(=O)CC(=O)OC(C)C)cc3)n(C)c2n1	CHEMBL4553658
5.72	COC(=O)C(C)(C)S(=O)(=O)c1ccc([C@@H](C)NC(=O)c2cc(-c3ccc(F)cc3)nn2C)cc1	CHEMBL4514162
5.71	C[C@@H](NC(=O)c1cc2ccccc2n1C)c1ccc(C(=O)O)cc1	CHEMBL4562446
5.71	CC(C)OC(=O)CS(=O)(=O)c1ccc([C@@H](C)NC(=O)c2cc3c(Cl)cc(-c4cnn(C)c4)cc3n2C)cc1	CHEMBL4584709
5.71	CC(C)OC(=O)CS(=O)(=O)c1ccc([C@@H](C)NC(=O)c2cc3c(Cl)cc(-c4cnn(C)c4)cc3n2C)cc1	CHEMBL4584709
5.7	Cc1nc2c(cc(C(=O)N[C@H](CO)c3ccc(S(=O)(=O)CC(=O)O)cc3)n2C)c(Cl)c1Cl	CHEMBL4518612
5.7	CCOC(=O)CS(=O)(=O)c1ccc([C@@H](CO)NC(=O)c2cc3c(Cl)c(Cl)c(C)cc3n2C)cc1	CHEMBL4518579
5.68	Cc1cc2c(cc(C(=O)N[C@H](CO)c3ccc([S@+]([O-])CC(=O)OC(C)C)cc3)n2C)c(F)c1F	CHEMBL4591880
5.68	Cc1cc2c(cc(C(=O)N[C@H](CO)c3ccc([S@+]([O-])CC(=O)OC(C)C)cc3)n2C)c(F)c1F	CHEMBL4591880
5.68	Cc1cc(Cl)c2cc(C(=O)N[C@H](C)c3ccc(S(=O)(=O)CC(=O)OCC4CC4)cc3)n(C)c2c1	CHEMBL4572522
5.68	Cc1cc(Cl)c2cc(C(=O)N[C@H](C)c3ccc(S(=O)(=O)CC(=O)OCC4CC4)cc3)n(C)c2c1	CHEMBL4572522
5.67	Cc1cc(Cl)c2cc(C(=O)N[C@H](C)c3ccc([S+]([O-])CC(=O)OC(C)C)cc3)n(C)c2c1	CHEMBL4540453
5.67	Cc1cc(Cl)c2cc(C(=O)N[C@H](C)c3ccc([S+]([O-])CC(=O)OC(C)C)cc3)n(C)c2c1	CHEMBL4540453
5.66	Cc1cc2c(cc(C(=O)N[C@H](CO)c3ccc(S(=O)(=O)CC(=O)O)cc3)n2C)c(Cl)c1Cl	CHEMBL4520837
5.66	COc1ccccc1-c1csc(NC(=O)c2ccc(S(=O)(=O)Nc3cccc(C(C)=O)c3)cc2)n1	CHEMBL5415992
5.64	Cc1cc(C)nc(NC(=S)N2CCN(Cc3ccc(C(F)(F)F)cc3)CC2)c1	CHEMBL4099051
5.64	C[C@@H](NC(=O)c1cc(-c2ccccc2)nn1C)c1ccc(N2C(=O)CNC2=O)cc1	CHEMBL4460438
5.63	C[C@@H](NC(=O)c1cc2cc(Cl)ccc2n1C)c1ccc(C(=O)O)cc1	CHEMBL4446511
5.63	CC(=O)c1cccc(NS(=O)(=O)c2ccc(C(=O)Nc3nc(-c4cccc(F)c4)cs3)cc2)c1	CHEMBL5436320
5.62	CCCC(C(=O)O)S(=O)(=O)c1ccc([C@@H](C)NC(=O)c2cc3c(Cl)cc(C)cc3n2C)cc1	CHEMBL4547034
5.62	CC(=O)c1cccc(NS(=O)(=O)c2ccc(C(=O)Nc3nc(-c4cccc(C)c4)cs3)cc2)c1	CHEMBL5418330
5.61	COC(=O)CS(=O)(=O)c1ccc([C@@H](C)NC(=O)c2cc3cc(Cl)ccc3n2C)cc1	CHEMBL4530356
5.61	COC(=O)CS(=O)(=O)c1ccc([C@@H](C)NC(=O)c2cc3cc(Cl)ccc3n2C)cc1	CHEMBL4530356
5.61	COC(=O)C1(S(=O)(=O)c2ccc([C@@H](CO)NC(=O)c3cc4c(Cl)cc(C)cc4n3C)cc2)CCOCC1	CHEMBL4514268
5.61	COC(=O)C1(S(=O)(=O)c2ccc([C@@H](CO)NC(=O)c3cc4c(Cl)cc(C)cc4n3C)cc2)CCOCC1	CHEMBL4514268
5.61	CC(=O)c1cccc(NS(=O)(=O)c2ccc(C(=O)Nc3nc(-c4cccc(F)c4)cs3)cc2)c1	CHEMBL5436320
5.6	Cc1cc(C)nc(NC(=S)N2CCN(Cc3ccc(C(F)(F)F)cc3)CC2)c1	CHEMBL4099051
5.6	Cc1cc(C)nc(NC(=S)N2CCN(Cc3ccc(C(F)(F)F)cc3)CC2)c1	CHEMBL4099051
5.6	Cc1cc(C)nc(NC(=S)N2CCN(Cc3ccc(C(F)(F)F)cc3)CC2)c1	CHEMBL4099051
5.6	Cc1cc(C)nc(NC(=S)N2CCN(Cc3ccc(C(F)(F)F)cc3)CC2)c1	CHEMBL4099051
5.6	Cc1cc(C)nc(NC(=S)N2CCN(Cc3ccc(C(F)(F)F)cc3)CC2)c1	CHEMBL4099051
5.6	C[C@@H](NC(=O)c1cc(-c2ccccc2)nn1C)c1ccc(N2CCCS2(=O)=O)cc1	CHEMBL4435257
5.58	CC(=O)c1cccc(NS(=O)(=O)c2ccc(C(=O)Nc3nc(-c4ccc(F)cc4)cs3)cc2)c1	CHEMBL5435562
5.55	CC(=O)c1cccc(NS(=O)(=O)c2ccc(C(=O)Nc3nc(-c4cccc(F)c4)cs3)cc2)c1	CHEMBL5436320
5.55	CC(=O)c1cccc(NS(=O)(=O)c2ccc(C(=O)Nc3nc(-c4cccc(F)c4)cs3)cc2)c1	CHEMBL5436320
5.53	COC(=O)C(C)(C)S(=O)(=O)c1ccc([C@@H](CO)NC(=O)c2cc3c(Cl)c(Cl)c(C)cc3n2C)cc1	CHEMBL4541133
5.53	COC(=O)C(C)(C)S(=O)(=O)c1ccc([C@@H](CO)NC(=O)c2cc3c(Cl)c(Cl)c(C)cc3n2C)cc1	CHEMBL4541133
5.52	COC(=O)C(C)S(=O)(=O)c1ccc([C@@H](C)NC(=O)c2cc3cc(Cl)ccc3n2C)cc1	CHEMBL4571528
5.52	COC(=O)C(C)S(=O)(=O)c1ccc([C@@H](C)NC(=O)c2cc3cc(Cl)ccc3n2C)cc1	CHEMBL4571528
5.52	CCOC(=O)CS(=O)(=O)c1ccc([C@@H](C)NC(=O)c2cc(-c3cccc4cc[nH]c34)nn2C)cc1	CHEMBL4530135
5.52	CCOC(=O)CS(=O)(=O)c1ccc([C@@H](C)NC(=O)c2cc(-c3cccc4cc[nH]c34)nn2C)cc1	CHEMBL4530135
5.51	C[C@@H](NC(=O)c1cc(-c2ccccc2)nn1C)c1ccc(C(N)=O)cc1	CHEMBL4528065
5.51	CCOC(=O)CS(=O)(=O)c1ccc([C@@H](C)NC(=O)c2cc(-c3ccc(F)cc3)nn2C)cc1	CHEMBL4535659
5.51	CCOC(=O)CS(=O)(=O)c1ccc([C@@H](C)NC(=O)c2cc(-c3ccc(F)cc3)nn2C)cc1	CHEMBL4535659
5.5	Cc1cc(C)nc(NS(=O)(=O)c2ccc(C(=O)Nc3nc(-c4ccccc4)cs3)cc2)n1	CHEMBL5440487
5.5	CCOC(=O)CS(=O)(=O)c1ccc([C@@H](C)NC(=O)c2cc(-c3ccccc3)nn2C)cc1	CHEMBL4567703
5.5	CCOC(=O)CS(=O)(=O)c1ccc([C@@H](C)NC(=O)c2cc(-c3ccccc3)nn2C)cc1	CHEMBL4567703
5.5	CC(C)OC(=O)CS(=O)(=O)c1ccc([C@@H](C)NC(=O)c2cc3c(Cl)cc(N4CCN(C)CC4)cc3n2C)cc1	CHEMBL4518058
5.5	CC(C)OC(=O)CS(=O)(=O)c1ccc([C@@H](C)NC(=O)c2cc3c(Cl)cc(N4CCN(C)CC4)cc3n2C)cc1	CHEMBL4518058
5.49	Cc1cc(Cl)c2cc(C(=O)N[C@H](C)c3ccc(S(=O)(=O)C(C)(C)C(N)=O)cc3)n(C)c2c1	CHEMBL4529167
5.48	C[C@@H](NC(=O)c1cc(-c2ccccc2)nn1C)c1ccc(N2CCCC2=O)cc1	CHEMBL4441109
5.47	Cc1cc2c(cc(C(=O)N[C@H](C)c3ccc(S(=O)(=O)CC(=O)OC(C)C)cc3)n2C)c(Cl)c1Cl	CHEMBL4538855
5.47	Cc1cc2c(cc(C(=O)N[C@H](C)c3ccc(S(=O)(=O)CC(=O)OC(C)C)cc3)n2C)c(Cl)c1Cl	CHEMBL4538855
5.47	Cc1cc(Cl)c2cc(C(=O)N[C@H](C)c3ccc(S(=O)(=O)CC(=O)N(C)C)cc3)n(C)c2c1	CHEMBL4566671
5.47	COC(=O)CS(=O)(=O)c1ccc(CNC(=O)c2cc3c(Cl)cc(C)cc3n2C)cc1	CHEMBL4586885
5.47	COC(=O)CS(=O)(=O)c1ccc(CNC(=O)c2cc3c(Cl)cc(C)cc3n2C)cc1	CHEMBL4586885
5.46	Cc1cc(Cl)c2cc(C(=O)N[C@H](C)c3ccc(S(=O)(=O)CC(=O)OCc4cccc(C(F)(F)F)c4)cc3)n(C)c2c1	CHEMBL4536870
5.46	Cc1cc(Cl)c2cc(C(=O)N[C@H](C)c3ccc(S(=O)(=O)CC(=O)OCc4cccc(C(F)(F)F)c4)cc3)n(C)c2c1	CHEMBL4536870
5.46	COCCOC(=O)CS(=O)(=O)c1ccc([C@@H](C)NC(=O)c2cc3cc(C(F)(F)F)ccc3n2C)cc1	CHEMBL4587584
5.46	COCCOC(=O)CS(=O)(=O)c1ccc([C@@H](C)NC(=O)c2cc3cc(C(F)(F)F)ccc3n2C)cc1	CHEMBL4587584
5.46	CCCC(C(=O)OC)S(=O)(=O)c1ccc([C@@H](C)NC(=O)c2cc3c(Cl)cc(C)cc3n2C)cc1	CHEMBL4531093
5.46	CCCC(C(=O)OC)S(=O)(=O)c1ccc([C@@H](C)NC(=O)c2cc3c(Cl)cc(C)cc3n2C)cc1	CHEMBL4531093
5.45	O=C(O)c1cccc(NS(=O)(=O)c2ccc(C(=O)Nc3nc(-c4ccccc4)cs3)cc2)c1	CHEMBL5418314
5.45	Cc1cc(Cl)c2cc(C(=O)N[C@H](C)c3ccc(S(=O)(=O)CC(=O)OC(C)C)cc3)n(C)c2c1	CHEMBL6020155
5.45	Cc1cc(Cl)c2cc(C(=O)N[C@H](C)c3ccc(S(=O)(=O)CC(=O)OC(C)C)cc3)n(C)c2c1	CHEMBL6020155
5.45	Cc1cc(Cl)c2cc(C(=O)N[C@H](C)c3ccc(S(=O)(=O)CC(=O)O)cc3)n(C)c2c1	CHEMBL4467246
5.45	Cc1cc(Cl)c2cc(C(=O)NC(C)c3ccc(S(=O)(=O)CC(=O)OC(C)C)cc3)n(C)c2c1	CHEMBL4573469
5.43	Cc1cc(C)nc(NC(=S)N2CCN(c3ccc(C(F)(F)F)cn3)CC2)c1	CHEMBL2135970
5.43	Cc1cc(C)nc(NC(=S)N2CCN(c3ccc(C(F)(F)F)cn3)CC2)c1	CHEMBL2135970
5.43	Cc1cc(C)nc(NC(=S)N2CCN(c3ccc(C(F)(F)F)cn3)CC2)c1	CHEMBL2135970
5.43	COc1cc(-c2cc(C(=O)N[C@H](C)c3ccc(S(=O)(=O)CC(=O)OC(C)C)cc3)n(C)n2)ccc1F	CHEMBL4562233
5.43	COc1cc(-c2cc(C(=O)N[C@H](C)c3ccc(S(=O)(=O)CC(=O)OC(C)C)cc3)n(C)n2)ccc1F	CHEMBL4562233
5.43	COC(=O)CS(=O)(=O)c1ccc([C@@H](C)NC(=O)c2cc(-c3ccccc3)nn2C)cn1	CHEMBL4551528
5.43	COC(=O)CS(=O)(=O)c1ccc([C@@H](C)NC(=O)c2cc(-c3ccccc3)nn2C)cn1	CHEMBL4551528
5.43	CCCCOC(=O)CS(=O)(=O)c1ccc([C@@H](C)NC(=O)c2cc3c(Cl)cc(C)cc3n2C)cc1	CHEMBL4521352
5.43	CCCCOC(=O)CS(=O)(=O)c1ccc([C@@H](C)NC(=O)c2cc3c(Cl)cc(C)cc3n2C)cc1	CHEMBL4521352
5.42	CC(=O)c1cccc(NS(=O)(=O)c2ccc(C(=O)Nc3nc(-c4ccccc4F)cs3)cc2)c1	CHEMBL5404538
5.4	CCOC(=O)c1cc(SC#N)c(NC(=O)c2ccco2)s1	CHEMBL5287264
5.37	Cc1cc(Cl)c2cc(C(=O)N[C@H](C)c3ccc(S(=O)(=O)CC(=O)OC(C)(C)C)cc3)n(C)c2c1	CHEMBL4574500
5.37	Cc1cc(Cl)c2cc(C(=O)N[C@H](C)c3ccc(S(=O)(=O)CC(=O)OC(C)(C)C)cc3)n(C)c2c1	CHEMBL4574500
5.37	Cc1cc(C)nc(NC(=S)N2CCN(c3ccc(C(F)(F)F)cc3)CC2)c1	CHEMBL4129748
5.37	CC(NC(=O)c1cc(-c2ccccc2)nn1C)c1ccc(S(N)(=O)=O)cc1	CHEMBL4519850
5.36	COC(=O)CS(=O)(=O)c1ccc([C@@H](CO)NC(=O)c2cc(-c3ccccc3)nn2C)cc1	CHEMBL4557237
5.36	COC(=O)CS(=O)(=O)c1ccc([C@@H](CO)NC(=O)c2cc(-c3ccccc3)nn2C)cc1	CHEMBL4557237
5.34	COC(=O)C(C)(C)S(=O)(=O)c1ccc([C@@H](C)NC(=O)c2cc3c(Cl)cc(C)cc3n2C)cc1	CHEMBL4543564
5.34	COC(=O)C(C)(C)S(=O)(=O)c1ccc([C@@H](C)NC(=O)c2cc3c(Cl)cc(C)cc3n2C)cc1	CHEMBL4543564
5.32	COc1cccc(-c2csc(NC(=O)c3ccc(S(=O)(=O)Nc4cccc(C(C)=O)c4)cc3)n2)c1	CHEMBL5394206
5.32	CC(C)OC(=O)CS(=O)(=O)c1ccc([C@@H](C)NC(=O)c2cc(-c3ccc(F)cc3)nn2C)cc1	CHEMBL4518189
5.32	CC(C)OC(=O)CS(=O)(=O)c1ccc([C@@H](C)NC(=O)c2cc(-c3ccc(F)cc3)nn2C)cc1	CHEMBL4518189
5.3	Cc1cc(Cl)c2cc(C(=O)N[C@H](C)c3ccc(S(=O)(=O)C(C)(C)C(=O)OC(C)(C)C)cc3)n(C)c2c1	CHEMBL4571493
5.3	Cc1cc(Cl)c2cc(C(=O)N[C@H](C)c3ccc(S(=O)(=O)C(C)(C)C(=O)OC(C)(C)C)cc3)n(C)c2c1	CHEMBL4571493
5.3	CNC(=O)c1cccc(NS(=O)(=O)c2ccc(C(=O)Nc3nc(-c4ccccc4)cs3)cc2)c1	CHEMBL5412915
5.3	CCOC(=O)C(C)S(=O)(=O)c1ccc([C@@H](C)NC(=O)c2cc3c(Cl)cc(C)cc3n2C)cc1	CHEMBL4521661
5.3	CCOC(=O)C(C)S(=O)(=O)c1ccc([C@@H](C)NC(=O)c2cc3c(Cl)cc(C)cc3n2C)cc1	CHEMBL4521661
5.28	Cn1c(C(=O)NC(CO)c2ccccc2)cc2cc(Cl)ccc21	CHEMBL4443133
5.28	Cc1cc(C)nc(NC(=S)N2CCN(Cc3cccc(C(F)(F)F)c3)CC2)c1	CHEMBL2140870
5.28	C[C@@H](NC(=O)c1cc(-c2ccccc2)nn1C)c1ccc(N2C[C@@H](O)[C@@H](O)C2)cc1	CHEMBL4473931
5.28	COC(=O)C1(S(=O)(=O)c2ccc([C@@H](C)NC(=O)c3cc4c(Cl)cc(C)cc4n3C)cc2)CC1	CHEMBL4580872
5.28	COC(=O)C1(S(=O)(=O)c2ccc([C@@H](C)NC(=O)c3cc4c(Cl)cc(C)cc4n3C)cc2)CC1	CHEMBL4580872
5.27	Cc1ccnc(NC(=S)N2CCN(c3cccc(C(F)(F)F)c3)CC2)c1	CHEMBL1471788
5.27	COCCOC(=O)C(C)(C)S(=O)(=O)c1ccc([C@@H](C)NC(=O)c2cc3c(Cl)c(Cl)c(C)nc3n2C)cc1	CHEMBL4544428
5.27	COCCOC(=O)C(C)(C)S(=O)(=O)c1ccc([C@@H](C)NC(=O)c2cc3c(Cl)c(Cl)c(C)nc3n2C)cc1	CHEMBL4544428
5.27	CC(=O)c1cccc(NS(=O)(=O)c2ccc(C(=O)Nc3nc(-c4ccccc4)cs3)cc2)c1	CHEMBL5401773
5.26	Cc1cc(-c2cc(C(=O)N[C@H](C)c3ccc(S(=O)(=O)CC(=O)OC(C)C)cc3)n(C)n2)ccc1F	CHEMBL4543940
5.26	Cc1cc(-c2cc(C(=O)N[C@H](C)c3ccc(S(=O)(=O)CC(=O)OC(C)C)cc3)n(C)n2)ccc1F	CHEMBL4543940
5.26	CCC(C(=O)OC)S(=O)(=O)c1ccc([C@@H](C)NC(=O)c2cc3c(Cl)cc(C)cc3n2C)cc1	CHEMBL4558955
5.26	CCC(C(=O)OC)S(=O)(=O)c1ccc([C@@H](C)NC(=O)c2cc3c(Cl)cc(C)cc3n2C)cc1	CHEMBL4558955
5.25	S=C(c1ccc(Cl)c(Cl)c1)N1CCOCC1	CHEMBL2262744
5.25	COC(=O)C(C)(C)S(=O)(=O)c1ccc([C@@H](C)NC(=O)c2cc3c(Cl)c(Cl)c(C)cc3n2C)cc1	CHEMBL4583044
5.25	COC(=O)C(C)(C)S(=O)(=O)c1ccc([C@@H](C)NC(=O)c2cc3c(Cl)c(Cl)c(C)cc3n2C)cc1	CHEMBL4583044
5.24	Cn1nc(-c2ccccc2)cc1C(=O)NCc1ccc(C(=O)O)cc1	CHEMBL4475246
5.24	Cc1cc(C)nc(NC(=S)N2CCN(Cc3ccc(C(F)(F)F)cc3)C(CO)C2)c1	CHEMBL4125702
5.24	Cc1cc(C)nc(NC(=S)N2CCCC(Nc3ccc(C(F)(F)F)cc3)C2)c1	CHEMBL4129229
5.23	CCOC(=O)CS(=O)(=O)c1ccc(CNC(=O)c2cc3c(Cl)cc(C)cc3n2C)cc1	CHEMBL4547209
5.23	CCOC(=O)CS(=O)(=O)c1ccc(CNC(=O)c2cc3c(Cl)cc(C)cc3n2C)cc1	CHEMBL4547209
5.23	CC(NC(=O)c1cc(-c2ccccc2)nn1C)c1ccc(S(C)(=O)=O)cc1	CHEMBL4563937
5.22	O=C(C(=S)N1CCOCC1)c1ccc([N+](=O)[O-])cc1	CHEMBL4084694
5.22	C[C@@H](NC(=O)c1cc(-c2ccccc2)nn1C)c1ccc(CO)cc1	CHEMBL4582751
5.21	COc1cc(-c2cc(C(=O)N[C@H](C)c3ccc(S(=O)(=O)CC(=O)OC(C)C)cc3)n(C)n2)ccc1Cl	CHEMBL4574626
5.21	COc1cc(-c2cc(C(=O)N[C@H](C)c3ccc(S(=O)(=O)CC(=O)OC(C)C)cc3)n(C)n2)ccc1Cl	CHEMBL4574626
5.21	CN1CCN(c2cccc(NS(=O)(=O)c3ccc(C(=O)Nc4nc(-c5ccccc5)cs4)cc3)c2)CC1	CHEMBL5413529
5.21	CCOC(=O)c1sc(NC(=O)c2ccco2)c(SC#N)c1C	CHEMBL4070806
5.2	Cc1cc(C)nc(NC(=S)N2CCN(c3cccc(C(F)(F)F)c3)CC2)c1	CHEMBL2131647
5.2	Cc1cc(C)nc(NC(=S)N2CCN(Cc3ccccc3C(F)(F)F)CC2)c1	CHEMBL4125871
5.2	CONC(=O)CS(=O)(=O)c1ccc([C@@H](C)NC(=O)c2cc(-c3ccc(F)cc3)nn2C)cc1	CHEMBL4528091
5.19	O=C(Nc1nc(-c2ccccc2)cs1)c1ccc(S(=O)(=O)Nc2ccccc2)cc1	CHEMBL5409883
5.19	FC(F)(F)c1cccc(N2CCN(C(=S)Nc3cc(C(F)(F)F)ccn3)CC2)c1	CHEMBL2143378
5.19	Cc1cc(C)nc(NC(=S)N2CCN(c3cccc(C(F)(F)F)c3)CC2)c1	CHEMBL2131647
5.19	Cc1cc(C)nc(NC(=S)N2CCC(Nc3cccc(C(F)(F)F)c3)CC2)c1	CHEMBL4127018
5.18	O=C(C(=S)N1CCOCC1)c1ccc(Cl)cc1	CHEMBL4096521
5.17	FC(F)(F)c1cccc(N2CCN(C(=S)Nc3ccccn3)CC2)c1	CHEMBL2137247
5.17	C[C@@H](NC(=O)c1cc2cc(Cl)cc(OC(F)(F)F)c2n1C)c1ccc(C(=O)O)cc1	CHEMBL4520181
5.17	COC(=O)CS(=O)(=O)c1ccc([C@H](C)NC(=O)c2cc3c(Cl)c(Cl)c(C)cc3n2C)cc1	CHEMBL4593850
5.17	COC(=O)CS(=O)(=O)c1ccc([C@H](C)NC(=O)c2cc3c(Cl)c(Cl)c(C)cc3n2C)cc1	CHEMBL4593850
5.17	CC(NC(=O)c1cc(-c2ccccc2)nn1C)c1ccc(N(C)S(C)(=O)=O)cc1	CHEMBL4446581
5.17	CC(C)OC(=O)CS(=O)(=O)c1ccc([C@@H](C)NC(=O)c2cc(-c3ccccc3)nn2C)cc1	CHEMBL4527049
5.17	CC(C)OC(=O)CS(=O)(=O)c1ccc([C@@H](C)NC(=O)c2cc(-c3ccccc3)nn2C)cc1	CHEMBL4527049
5.17	CC(=O)c1cccc(NS(=O)(=O)c2ccc(C(=O)Nc3nc(-c4ccc(F)cc4F)cs3)cc2)c1	CHEMBL5426021
5.17	CC(=O)N1CCC(NS(=O)(=O)c2ccc(C(=O)Nc3nc(-c4ccccc4)cs3)cc2)CC1	CHEMBL5413530
5.16	S=C(c1ccc(Cl)c(Cl)c1)N1CCOCC1	CHEMBL2262744
5.16	Cc1cc(Cl)c2cc(C(=O)N[C@H](C)c3ccc(S(=O)(=O)C4(C(=O)O)CCOCC4)cc3)n(C)c2c1	CHEMBL4548203
5.16	CCOC(=O)c1sc(NC(=O)c2ccco2)c(SC#N)c1C	CHEMBL4070806
5.15	O=C(Nc1nc(-c2ccccc2)cs1)c1ccc(S(=O)(=O)Nc2cccc(N3CCOCC3)c2)cc1	CHEMBL5405367
5.15	O=C(C(=S)N1CCOCC1)c1ccc(I)cc1	CHEMBL4075188
5.14	Cc1cc(C)nc(NC(=S)N2CCCN(Cc3ccc(C(F)(F)F)cc3)CC2)c1	CHEMBL4126752
5.14	Cc1cc(C)nc(NC(=S)N2CCCC(Nc3cccc(C(F)(F)F)c3)C2)c1	CHEMBL4126002
5.14	Cc1cc(C)nc(NC(=S)N(C)CCN(C)Cc2ccc(C(F)(F)F)cc2)c1	CHEMBL4129360
5.13	O=C(Nc1nc(-c2ccccc2)cs1)c1ccc(S(=O)(=O)Nc2cccc(CCO)c2)cc1	CHEMBL5422286
5.12	O=C(C(=S)N1CCOCC1)c1ccc([N+](=O)[O-])cc1	CHEMBL4084694
5.12	FC(F)(F)c1cccc(N2CCN(C(=S)Nc3ncnc4ccccc34)CC2)c1	CHEMBL2134403
5.12	FC(F)(F)c1cccc(N2CCN(C(=S)Nc3nccc4ccccc34)CC2)c1	CHEMBL2133358
5.12	FC(F)(F)c1cccc(N2CCN(C(=S)Nc3nc[nH]n3)CC2)c1	CHEMBL5829015
5.12	FC(F)(F)c1cccc(N2CCN(C(=S)Nc3nc4ccc(C(F)(F)F)cc4[nH]3)CC2)c1	CHEMBL5982135
5.12	FC(F)(F)c1cccc(N2CCN(C(=S)Nc3ccccn3)CC2)c1	CHEMBL2137247
5.12	FC(F)(F)c1cccc(N2CCN(C(=S)Nc3cc[nH]n3)CC2)c1	CHEMBL5825891
5.12	FC(F)(F)c1cccc(N2CCN(C(=S)Nc3cc(C(F)(F)F)ccn3)CC2)c1	CHEMBL2143378
5.12	FC(F)(F)c1cccc(N2CCN(C(=S)NCc3ccccn3)CC2)c1	CHEMBL4128958
5.12	FC(F)(F)c1ccc(N2CCN(C(=S)Nc3ccccn3)CC2)cc1	CHEMBL2138829
5.12	Cn1c(NC(=S)N2CCN(c3cccc(C(F)(F)F)c3)CC2)nc2ccccc21	CHEMBL6052400
5.12	Cc1cncc(NC(=S)N2CCN(c3cccc(C(F)(F)F)c3)CC2)c1	CHEMBL2143052
5.12	Cc1ccnc(NC(=S)NCCNc2cccc(C(F)(F)F)c2)c1	CHEMBL3125061
5.12	Cc1ccnc(NC(=S)NC2CCCN(c3cccc(C(F)(F)F)c3)C2)c1	CHEMBL2135547
5.12	Cc1ccnc(NC(=S)N2CCN(c3ncc(C(F)(F)F)cc3Cl)CC2)c1	CHEMBL2130722
5.12	Cc1ccnc(NC(=S)N2CCN(c3ccccc3C(F)(F)F)CC2)c1	CHEMBL2137357
5.12	Cc1ccnc(NC(=S)N2CCN(c3cccc(Cl)c3Cl)CC2)c1	CHEMBL2131509
5.12	Cc1ccnc(NC(=S)N2CCN(c3cccc(C(F)(F)F)c3)CC2)c1	CHEMBL1471788
5.12	Cc1ccnc(NC(=S)N2CCN(c3ccc(Cl)cc3Cl)CC2)c1	CHEMBL2137475
5.12	Cc1ccnc(NC(=S)N2CCN(c3ccc(Cl)c(Cl)c3)CC2)c1	CHEMBL3561176
5.12	Cc1ccnc(NC(=S)N2CCN(c3ccc(C(F)(F)F)cc3[N+](=O)[O-])CC2)c1	CHEMBL2145250
5.12	Cc1ccnc(NC(=S)N2CCN(c3ccc(C(F)(F)F)cc3)CC2)c1	CHEMBL2141221
5.12	Cc1ccnc(NC(=S)N2CCN(c3cc(Cl)cc(Cl)c3)CC2)c1	CHEMBL3560356
5.12	Cc1ccnc(NC(=S)N2CCN(c3cc(C(F)(F)F)cc(C(F)(F)F)c3)CC2)c1	CHEMBL2143446
5.12	Cc1ccnc(NC(=S)N2CCCC(Nc3cccc(C(F)(F)F)c3)C2)c1	CHEMBL2139887
5.12	Cc1ccnc(NC(=S)N2CCC(Nc3cccc(C(F)(F)F)c3)CC2)c1	CHEMBL2136110
5.12	Cc1cc(C)nc(NC(=S)N2CCN(c3ncc(Cl)cc3Cl)CC2)c1	CHEMBL2134782
5.12	Cc1cc(C)nc(NC(=S)N2CCN(c3ncc(C(F)(F)F)cc3Cl)CC2)c1	CHEMBL2142358
5.12	Cc1cc(C)nc(NC(=S)N2CCN(c3cccc4ccccc34)CC2)c1	CHEMBL3125068
5.12	Cc1cc(C)nc(NC(=S)N2CCN(c3cccc(OC(F)(F)F)c3)CC2)c1	CHEMBL2140712
5.12	Cc1cc(C)nc(NC(=S)N2CCN(c3cccc(N=O)c3)CC2)c1	CHEMBL5932019
5.12	Cc1cc(C)nc(NC(=S)N2CCN(c3cccc(Cl)c3Cl)CC2)c1	CHEMBL2140805
5.12	Cc1cc(C)nc(NC(=S)N2CCN(c3cccc(C(F)(F)F)n3)CC2)c1	CHEMBL2135778
5.12	Cc1cc(C)nc(NC(=S)N2CCN(c3cccc(C(F)(F)F)c3)CC2)c1	CHEMBL2131647
5.12	Cc1cc(C)nc(NC(=S)N2CCN(c3ccc4ccccc4c3)CC2)c1	CHEMBL2131592
5.12	Cc1cc(C)nc(NC(=S)N2CCN(c3ccc(F)cc3F)CC2)c1	CHEMBL2135018
5.12	Cc1cc(C)nc(NC(=S)N2CCN(c3ccc(F)c(F)c3)CC2)c1	CHEMBL2136754
5.12	Cc1cc(C)nc(NC(=S)N2CCN(c3ccc(F)c(Cl)c3)CC2)c1	CHEMBL2137003
5.12	Cc1cc(C)nc(NC(=S)N2CCN(c3ccc(Cl)cc3[N+](=O)[O-])CC2)c1	CHEMBL3561033
5.12	Cc1cc(C)nc(NC(=S)N2CCN(c3ccc(Cl)cc3F)CC2)c1	CHEMBL2140785
5.12	Cc1cc(C)nc(NC(=S)N2CCN(c3ccc(Cl)cc3Cl)CC2)c1	CHEMBL2132086
5.12	Cc1cc(C)nc(NC(=S)N2CCN(c3ccc(C(F)(F)F)cc3[N+](=O)[O-])CC2)c1	CHEMBL2131240
5.12	Cc1cc(C)nc(NC(=S)N2CCN(c3ccc(C(F)(F)F)cc3Cl)CC2)c1	CHEMBL2136332
5.12	Cc1cc(C)nc(NC(=S)N2CCN(c3ccc(C(F)(F)F)cc3C(F)(F)F)CC2)c1	CHEMBL2132865
5.12	Cc1cc(C)nc(NC(=S)N2CCN(c3cc(Cl)cc(Cl)c3)CC2)c1	CHEMBL2142229
5.12	Cc1cc(C)nc(NC(=S)N2CCN(c3cc(C(F)(F)F)nc4ccc(C(F)(F)F)cc34)CC2)c1	CHEMBL2145423
5.12	Cc1cc(C)nc(NC(=S)N2CCN(c3cc(C(F)(F)F)cc(C(F)(F)F)c3)CC2)c1	CHEMBL2135185
5.12	Cc1cc(C)nc(NC(=S)N2CCN(c3cc(Br)cc(C(F)(F)F)c3)CC2)c1	CHEMBL2141621
5.12	Cc1cc(C)nc(NC(=S)N2CCN(Cc3ccc(C)c(C(F)(F)F)c3)CC2)c1	CHEMBL5769085
5.12	Cc1cc(C)nc(NC(=S)N2CCN(Cc3ccc(C(F)(F)F)cc3)C(C(=O)O)C2)c1	CHEMBL4127077
5.12	Cc1cc(C)nc(NC(=S)N2CCN(Cc3ccc(C(F)(F)F)c(Cl)c3)CC2)c1	CHEMBL5749580
5.12	Cc1cc(C)nc(NC(=S)N2CCN(Cc3c(F)cccc3Cl)CC2)c1	CHEMBL3561441
5.12	Cc1cc(C)nc(NC(=S)N2CCN(C(=O)c3cccc(C(F)(F)F)c3)CC2)c1	CHEMBL4128626
5.12	COc1ccnc(NC(=S)N2CCN(c3ncc(C(F)(F)F)cc3Cl)CC2)c1	CHEMBL2135885
5.12	COc1ccnc(NC(=S)N2CCN(c3ccccc3C(F)(F)F)CC2)c1	CHEMBL2142410
5.12	COc1ccnc(NC(=S)N2CCN(c3cccc(Cl)c3Cl)CC2)c1	CHEMBL2132472
5.12	COc1ccnc(NC(=S)N2CCN(c3cccc(C(F)(F)F)n3)CC2)c1	CHEMBL2131808
5.12	COc1ccnc(NC(=S)N2CCN(c3ccc(Cl)c(Cl)c3)CC2)c1	CHEMBL2135117
5.12	COc1ccnc(NC(=S)N2CCN(c3cc(Cl)cc(Cl)c3)CC2)c1	CHEMBL2136651
5.12	COc1cccc(NC(=S)N2CCN(c3cccc(C(F)(F)F)n3)CC2)n1	CHEMBL3560730
5.12	COc1cccc(NC(=S)N2CCN(c3cccc(C(F)(F)F)c3)CC2)n1	CHEMBL2136769
5.11	O=C(Nc1nc(-c2ccccc2)cs1)c1ccc(S(=O)(=O)Nc2cccc(CO)c2)cc1	CHEMBL5411304
5.11	Cc1cc(C)nc(NC(=S)N2CCC(Nc3ccc(C(F)(F)F)cc3)CC2)c1	CHEMBL4128391
5.11	COC(=O)C1(S(=O)(=O)c2ccc([C@@H](C)NC(=O)c3cc(-c4ccc(F)cc4)nn3C)cc2)CCOCC1	CHEMBL4528540
5.11	COC(=O)C1(S(=O)(=O)c2ccc([C@@H](C)NC(=O)c3cc(-c4ccc(F)cc4)nn3C)cc2)CCOCC1	CHEMBL4528540
5.11	CC(C)OC(=O)CS(=O)(=O)c1ccc([C@@H](CO)NC(=O)c2cc(-c3ccc(F)cc3)nn2C)cc1	CHEMBL4515970
5.11	CC(C)OC(=O)CS(=O)(=O)c1ccc([C@@H](CO)NC(=O)c2cc(-c3ccc(F)cc3)nn2C)cc1	CHEMBL4515970
5.1	O=C(O)Cc1cccc(NS(=O)(=O)c2ccc(C(=O)Nc3nc(-c4ccccc4)cs3)cc2)c1	CHEMBL5404397
5.1	O=C(C(=S)N1CCOCC1)c1ccccc1	CHEMBL4086943
5.1	O=C(C(=S)N1CCOCC1)c1ccc(Br)cc1	CHEMBL4087895
5.1	Cc1cc(C)nc(NC(=S)N2CCN(C(C)c3ccc(C(F)(F)F)cc3)CC2)c1	CHEMBL4129099
5.08	Cc1cc(C)nc(NC(=S)N2CCN(Cc3ccc(C(F)(F)F)cc3)C(C)C2)c1	CHEMBL4127154
5.08	COC(=O)C(C)(C)S(=O)(=O)c1ccc([C@@H](CO)NC(=O)c2cc(-c3ccc(F)cc3)nn2C)cc1	CHEMBL4483486
5.08	COC(=O)C(C)(C)S(=O)(=O)c1ccc([C@@H](CO)NC(=O)c2cc(-c3ccc(F)cc3)nn2C)cc1	CHEMBL4483486
5.06	O=C(NNC(=S)Nc1ccc(Cl)c(Cl)c1)c1ccccc1O	CHEMBL4476621
5.06	O=C(C(=S)N1CCOCC1)c1ccc(Cl)cc1	CHEMBL4096521
5.06	O=C(C(=S)N1CCOCC1)c1ccc(Cl)cc1	CHEMBL4096521
5.06	Cc1cc(C)nc(NC(=S)N2CCN(c3ccccc3C(F)(F)F)CC2)c1	CHEMBL4127403
5.06	Cc1cc(C)nc(NC(=S)N2CCCC(NC(=O)c3ccc(C(F)(F)F)cc3)C2)c1	CHEMBL4125786
5.05	FC(F)(F)c1cccc(N2CCN(C(=S)Nc3cccnc3)CC2)c1	CHEMBL3559789
5.05	COC(=O)c1ccc(-c2ccc(/C=N/NC(=S)NN)o2)cc1	CHEMBL4555902
5.05	COC(=O)c1ccc(-c2ccc(/C=N/NC(=S)NN)o2)cc1	CHEMBL4555902
5.04	Cc1cc(Cl)c2cc(C(=O)N[C@H](C)c3ccc(S(=O)(=O)CC(=O)OCC(COC(=O)C(C)(C)C)COC(=O)C(C)(C)C)cc3)n(C)c2c1	CHEMBL4527603
5.04	Cc1cc(Cl)c2cc(C(=O)N[C@H](C)c3ccc(S(=O)(=O)CC(=O)OCC(COC(=O)C(C)(C)C)COC(=O)C(C)(C)C)cc3)n(C)c2c1	CHEMBL4527603
5.04	Cc1cc(C)nc(NC(=S)N2CCN(Cc3ccccc3C)CC2)c1	CHEMBL4128309
5.03	O=C(C(=S)N1CCOCC1)c1ccc(I)cc1	CHEMBL4075188
5.02	Cc1cc(Cl)c2cc(C(=O)N[C@H](C)c3ccc(S(=O)(=O)CC(=O)CCC(=O)O)cc3)n(C)c2c1	CHEMBL4575088
5.01	Cc1cc(C)nc(NC(=S)NCCNCc2ccc(C(F)(F)F)cc2)c1	CHEMBL4126183
5.01	COC(=O)[C@H](C)N1Cc2c(O)c(O)c(O)c(C)c2C1=O	CHEMBL5270272
5.0	FC(F)(F)c1cccc(N2CCN(C(=S)Nc3ccc4ccccc4n3)CC2)c1	CHEMBL2144036
5.0	Cc1cc(C)nc(NC(=S)N2CCN(Cc3ccc(C(F)(F)F)cc3)[C@@H](C)C2)c1	CHEMBL4126631
5.0	Cc1cc(C)nc(NC(=S)N2CCCC(NC(=O)c3cccc(C(F)(F)F)c3)C2)c1	CHEMBL4125915
5.0	Cc1cc(C)nc(NC(=S)N2CCC(NC(=O)c3ccc(C(F)(F)F)cc3)CC2)c1	CHEMBL4129623
4.98	S=C(c1ccc(Cl)cc1)N1CCOCC1	CHEMBL1348974
4.98	O=C(c1ccc(Cl)cc1)N1CCOCC1	CHEMBL2262737
4.96	O=C(Nc1nc(-c2ccccc2)cs1)c1ccc(S(=O)(=O)NCCN2CCOCC2)cc1	CHEMBL5439942
4.96	Cc1cc(C)nc(NC(=S)N2CCN(c3cccc(C(F)(F)F)n3)CC2)c1	CHEMBL2135778
4.96	Cc1cc(C)nc(NC(=S)N2CCN(Cc3cccc(Cl)c3)CC2)c1	CHEMBL4127362
4.96	Cc1cc(C)nc(NC(=S)N2CCN(Cc3ccc(OC(F)(F)F)cc3)CC2)c1	CHEMBL4128834
4.96	Cc1cc(C)nc(NC(=S)N2CCC(NC(=O)c3cccc(C(F)(F)F)c3)CC2)c1	CHEMBL4128252
4.95	COC(=O)C1(S(=O)(=O)c2ccc([C@@H](C)NC(=O)c3cc4c(Cl)cc(C)cc4n3C)cc2)CCOCC1	CHEMBL4540875
4.95	COC(=O)C1(S(=O)(=O)c2ccc([C@@H](C)NC(=O)c3cc4c(Cl)cc(C)cc4n3C)cc2)CCOCC1	CHEMBL4540875
4.94	CN1CCN(CCNS(=O)(=O)c2ccc(C(=O)Nc3nc(-c4ccccc4)cs3)cc2)CC1	CHEMBL5403306
4.93	Cc1cc(Cl)c2cc(C(=O)N[C@H](C)c3ccc(S(=O)(=O)C(C)C(=O)OC(C)C)cc3)n(C)c2c1	CHEMBL4522032
4.93	Cc1cc(Cl)c2cc(C(=O)N[C@H](C)c3ccc(S(=O)(=O)C(C)C(=O)OC(C)C)cc3)n(C)c2c1	CHEMBL4522032
4.93	C[C@H](O)[C@@H](NC(=O)c1cc2cc(Cl)ccc2n1C)c1ccccc1	CHEMBL4569664
4.93	COC(=O)C1(S(=O)(=O)c2ccc([C@@H](C)NC(=O)c3cc(-c4ccc(F)cc4)nn3C)cc2)CCCC1	CHEMBL4566853
4.93	COC(=O)C1(S(=O)(=O)c2ccc([C@@H](C)NC(=O)c3cc(-c4ccc(F)cc4)nn3C)cc2)CCCC1	CHEMBL4566853
4.92	Cc1cc(C)nc(NC(=S)N2CCN(Cc3ccc(C(F)(F)F)cc3)[C@H](C)C2)c1	CHEMBL4128967
4.92	Cc1cc(C)nc(NC(=S)N2CCCC(NCc3ccc(C(F)(F)F)cc3)C2)c1	CHEMBL4127149
4.92	C[C@@H](O)[C@@H](NC(=O)c1cc2cc(Cl)ccc2n1C)c1ccccc1	CHEMBL4471731
4.91	O=C(Nc1nc(-c2ccccc2)cs1)c1ccc(S(=O)(=O)N2CCC(CCO)CC2)cc1	CHEMBL5406447
4.91	C[C@@H](NC(=O)c1cc(-c2ccccc2)nn1C)c1ccc(N2CC[C@H](O)C2)cc1	CHEMBL4553827
4.9	O=C(Nc1nc(-c2ccccc2)cs1)c1ccc(S(=O)(=O)O)cc1	CHEMBL5424581
4.89	O=C(Nc1nc(-c2ccccc2)cs1)c1ccc(S(=O)(=O)N2CCC(C(=O)O)CC2)cc1	CHEMBL5419037
4.89	COC(=O)c1ccnc(NC(=S)N2CCN(c3cccc(C(F)(F)F)c3)CC2)c1	CHEMBL2132783
4.89	CC(=O)c1cccc(NS(=O)(=O)c2ccc(C(=O)Nc3cc(-c4ccccc4)cs3)cc2)c1	CHEMBL5404649
4.85	FC(F)(F)c1cccc(N2CCN(C(=S)Nc3ccncc3)CC2)c1	CHEMBL3125072
4.85	Cc1ccnc(NC(=S)N2CCN(c3cccc(C(F)(F)F)c3)CC2)c1	CHEMBL1471788
4.85	COc1cccc(N2CCN(C(=S)Nc3cc(C)cc(C)n3)CC2)c1	CHEMBL4129706
4.84	CC(C)OC(=O)C(C)(C)S(=O)(=O)c1ccc([C@@H](CO)NC(=O)c2cc(-c3ccc(F)cc3)nn2C)cc1	CHEMBL4551597
4.84	CC(C)OC(=O)C(C)(C)S(=O)(=O)c1ccc([C@@H](CO)NC(=O)c2cc(-c3ccc(F)cc3)nn2C)cc1	CHEMBL4551597
4.83	COC(=O)C(C)(C)S(=O)(=O)c1ccc([C@@H](C)NC(=O)c2cc(-c3ccc(F)cc3)nn2C)cc1	CHEMBL4514162
4.83	COC(=O)C(C)(C)S(=O)(=O)c1ccc([C@@H](C)NC(=O)c2cc(-c3ccc(F)cc3)nn2C)cc1	CHEMBL4514162
4.83	CC(=O)c1cccc(NS(=O)(=O)c2ccc(C(=O)Nc3nc(-c4cccc(F)c4)cs3)cc2)c1	CHEMBL5436320
4.82	S=C(Nc1cc(Cl)ccn1)N1CCN(c2cccc(Cl)c2Cl)CC1	CHEMBL3560091
4.82	S=C(Nc1cc(Cl)ccn1)N1CCN(c2ccc(Cl)c(Cl)c2)CC1	CHEMBL2132232
4.82	O=[N+]([O-])c1cc(C(F)(F)F)ccc1N1CCN(C(=S)Nc2cc(Cl)ccn2)CC1	CHEMBL3560409
4.82	FC(F)(F)c1cnc(N2CCN(C(=S)Nc3cc(Cl)ccn3)CC2)c(Cl)c1	CHEMBL2145090
4.82	FC(F)(F)c1cccc(N2CCN(C(=S)Nc3nccc4cccnc34)CC2)c1	CHEMBL2143884
4.82	FC(F)(F)c1cccc(N2CCN(C(=S)Nc3ccncc3)CC2)c1	CHEMBL3125072
4.82	FC(F)(F)c1cccc(N2CCN(C(=S)Nc3ccc4ccccc4n3)CC2)c1	CHEMBL2144036
4.82	Cc1ccnc(NC(=S)Nc2cccc(C(F)(F)F)c2)c1	CHEMBL2134995
4.82	Cc1ccnc(NC(=S)NC2CCN(c3cccc(C(F)(F)F)c3)CC2)c1	CHEMBL2130801
4.82	Cc1ccnc(NC(=S)N2CCc3cccc(C(F)(F)F)c3C2)c1	CHEMBL2142584
4.82	Cc1ccnc(NC(=S)N2CCc3cc(C(F)(F)F)ccc3C2)c1	CHEMBL2145195
4.82	Cc1ccnc(NC(=S)N2CCN(c3cccc(N(C)C)c3)CC2)c1	CHEMBL2139551
4.82	Cc1ccnc(NC(=S)N2CCN(c3cccc(C(F)(F)F)c3)C[C@@H]2C)c1	CHEMBL2138934
4.82	Cc1ccnc(NC(=S)N2CCN(c3cccc(C(F)(F)F)c3)CC2)n1	CHEMBL2136511
4.82	Cc1ccnc(NC(=S)N2CCN(c3cccc(C(F)(F)F)c3)CC2)c1	CHEMBL1471788
4.82	Cc1ccnc(NC(=S)N2CCN(c3cccc(C(F)(F)F)c3)CC2)c1	CHEMBL1471788
4.82	Cc1ccnc(NC(=S)N2CCN(c3ccc4ccccc4n3)CC2)c1	CHEMBL2142077
4.82	Cc1ccnc(NC(=S)N2CCCN(c3cccc(C(F)(F)F)c3)CC2)c1	CHEMBL2144006
4.82	Cc1ccnc(NC(=S)N2CC3CN(c4ncc(C(F)(F)F)cc4Cl)CC3C2)c1	CHEMBL3560105
4.82	Cc1ccnc(NC(=S)N2CC3CN(c4cccc(C(F)(F)F)c4)CC3C2)c1	CHEMBL2131708
4.82	Cc1cccc(N2CCN(C(=S)Nc3cc(C)ccn3)CC2)c1	CHEMBL2142754
4.82	Cc1ccc2nc(NC(=S)N3CCN(c4cccc(C(F)(F)F)c4)CC3)[nH]c2c1	CHEMBL5801377
4.82	Cc1ccc(C(=O)Nc2cccc(C(F)(F)F)c2)cc1Nc1nc(-c2cccnc2)nc2nn(C)cc12	CHEMBL5653589
4.82	Cc1ccc(C(=O)Nc2cccc(C(F)(F)F)c2)cc1Nc1nc(-c2cccnc2)nc2nn(C)cc12	CHEMBL5653589
4.82	Cc1cc(C)nc(NC(=S)N2CCN(c3nsc4ccccc34)CC2)c1	CHEMBL2142323
4.82	Cc1cc(C)nc(NC(=S)N2CCN(c3nnc(C(F)(F)F)s3)CC2)c1	CHEMBL3125070
4.82	Cc1cc(C)nc(NC(=S)N2CCN(c3ncccc3Cl)CC2)c1	CHEMBL2134460
4.82	Cc1cc(C)nc(NC(=S)N2CCN(c3ncccc3C(F)(F)F)CC2)c1	CHEMBL2138879
4.82	Cc1cc(C)nc(NC(=S)N2CCN(c3nccc4occc34)CC2)c1	CHEMBL2141930
4.82	Cc1cc(C)nc(NC(=S)N2CCN(c3nccc4ccccc34)CC2)c1	CHEMBL3561453
4.82	Cc1cc(C)nc(NC(=S)N2CCN(c3nc4ccccc4s3)CC2)c1	CHEMBL2141764
4.82	Cc1cc(C)nc(NC(=S)N2CCN(c3nc4ccccc4o3)CC2)c1	CHEMBL3560808
4.82	Cc1cc(C)nc(NC(=S)N2CCN(c3coc4ccccc34)CC2)c1	CHEMBL5900992
4.82	Cc1cc(C)nc(NC(=S)N2CCN(c3cncc4ccccc34)CC2)c1	CHEMBL2139237
4.82	Cc1cc(C)nc(NC(=S)N2CCN(c3ccccc3C#N)CC2)c1	CHEMBL2138972
4.82	Cc1cc(C)nc(NC(=S)N2CCN(c3cccc4cnccc34)CC2)c1	CHEMBL2137482
4.82	Cc1cc(C)nc(NC(=S)N2CCN(c3cccc4ccncc34)CC2)c1	CHEMBL2142141
4.82	Cc1cc(C)nc(NC(=S)N2CCN(c3cccc4[nH]ccc34)CC2)c1	CHEMBL2143769
4.82	Cc1cc(C)nc(NC(=S)N2CCN(c3cccc(C#N)c3)CC2)c1	CHEMBL2137192
4.82	Cc1cc(C)nc(NC(=S)N2CCN(c3ccc4occc4c3)CC2)c1	CHEMBL2135682
4.82	Cc1cc(C)nc(NC(=S)N2CCN(c3ccc4nsnc4c3)CC2)c1	CHEMBL3560791
4.82	Cc1cc(C)nc(NC(=S)N2CCN(c3ccc4ncccc4c3[N+](=O)[O-])CC2)c1	CHEMBL3560131
4.82	Cc1cc(C)nc(NC(=S)N2CCN(c3ccc4cnccc4c3)CC2)c1	CHEMBL2130599
4.82	Cc1cc(C)nc(NC(=S)N2CCN(c3ccc4ccccc4n3)CC2)c1	CHEMBL2134166
4.82	Cc1cc(C)nc(NC(=S)N2CCN(c3ccc([N+](=O)[O-])cc3Cl)CC2)c1	CHEMBL2138406
4.82	Cc1cc(C)nc(NC(=S)N2CCN(c3ccc(F)c(F)c3F)CC2)c1	CHEMBL2136208
4.82	Cc1cc(C)nc(NC(=S)N2CCN(c3ccc(Cl)cc3[S+](C)(=O)[O-])CC2)c1	CHEMBL2131822
4.82	Cc1cc(C)nc(NC(=S)N2CCN(c3ccc(Cl)cc3C(F)(F)F)CC2)c1	CHEMBL2132174
4.82	Cc1cc(C)nc(NC(=S)N2CCN(c3ccc(Cl)c(C(F)(F)F)c3)CC2)c1	CHEMBL2135147
4.82	Cc1cc(C)nc(NC(=S)N2CCN(c3cc(Cl)cc(C(F)(F)F)c3)CC2)c1	CHEMBL2131191
4.82	Cc1cc(C)nc(NC(=S)N2CCN(c3cc(C(F)(F)F)nc(C)n3)CC2)c1	CHEMBL2142815
4.82	Cc1cc(C)nc(NC(=S)N2CCN(Cc3ccccc3F)CC2)c1	CHEMBL4129573
4.82	Cc1cc(C)nc(NC(=S)N2CCN(Cc3ccccc3Cl)CC2)c1	CHEMBL4128755
4.82	Cc1cc(C)nc(NC(=S)N2CCN(Cc3ccccc3C(F)(F)F)CC2)c1	CHEMBL4125871
4.82	Cc1cc(C)nc(NC(=S)N2CCN(Cc3ccccc3Br)CC2)c1	CHEMBL5823616
4.82	Cc1cc(C)nc(NC(=S)N2CCN(Cc3ccccc3)CC2)c1	CHEMBL4125843
4.82	Cc1cc(C)nc(NC(=S)N2CCN(Cc3cccc(F)c3)CC2)c1	CHEMBL4129970
4.82	Cc1cc(C)nc(NC(=S)N2CCN(Cc3cccc(Cl)c3)CC2)c1	CHEMBL4127362
4.82	Cc1cc(C)nc(NC(=S)N2CCN(Cc3cccc(Br)c3)CC2)c1	CHEMBL5841082
4.82	Cc1cc(C)nc(NC(=S)N2CCN(Cc3ccc(F)cc3)CC2)c1	CHEMBL4128606
4.82	Cc1cc(C)nc(NC(=S)N2CCN(Cc3ccc(Cl)cc3)CC2)c1	CHEMBL4127255
4.82	Cc1cc(C)nc(NC(=S)N2CCN(Cc3ccc(Cl)cc3)CC2)c1	CHEMBL4127255
4.82	Cc1cc(C)nc(NC(=S)N2CCN(Cc3ccc(C(F)(F)F)cc3)C(c3ccccc3)C2)c1	CHEMBL4127715
4.82	Cc1cc(C)nc(NC(=S)N2CCN(Cc3ccc(C(F)(F)F)cc3)C(CO)C2)c1	CHEMBL4125702
4.82	Cc1cc(C)nc(NC(=S)N2CCN(Cc3ccc(Br)cc3)CC2)c1	CHEMBL4130136
4.82	Cc1cc(C)nc(NC(=S)N2CCN(C3CCCCC3)CC2)c1	CHEMBL5864488
4.82	Cc1cc(C)nc(NC(=S)N2CCC(NCc3ccc(C(F)(F)F)cc3)CC2)c1	CHEMBL4129478
4.82	Cc1cc(C)nc(NC(=S)N2CC3CN(c4ncc(C(F)(F)F)cc4Cl)CC3C2)c1	CHEMBL3560616
4.82	Cc1cc(C)nc(NC(=S)N2CC3CN(c4ccc(Cl)cc4C(F)(F)F)CC3C2)c1	CHEMBL3561039
4.82	Cc1cc(C)cc(N2CCN(C(=S)Nc3cc(C)cc(C)n3)CC2)c1	CHEMBL3125066
4.82	COc1ccnc(NC(=S)N2CCN(c3ccc4ccccc4n3)CC2)c1	CHEMBL2135302
4.82	COc1ccnc(NC(=S)N2CCN(c3ccc(Cl)cc3Cl)CC2)c1	CHEMBL2141807
4.82	COc1ccccc1CN1CCN(C(=S)Nc2cc(C)cc(C)n2)CC1	CHEMBL4127509
4.82	COc1cccc(NC(=S)N2CCN(c3cccc(Cl)c3Cl)CC2)n1	CHEMBL2142987
4.82	COc1cccc(NC(=S)N2CCN(c3ccc(C(F)(F)F)cc3[N+](=O)[O-])CC2)n1	CHEMBL2144232
4.82	COc1cccc(CN2CCN(C(=S)Nc3cc(C)cc(C)n3)CC2)c1	CHEMBL4126125
4.82	COc1ccc(CN2CCN(C(=S)Nc3cc(C)cc(C)n3)CC2)cc1	CHEMBL4126283
4.82	COc1cc(OC)cc(N2CCN(C(=S)Nc3cc(C)cc(C)n3)CC2)c1	CHEMBL2144272
4.82	COc1cc(NC(=S)N2CCN(c3cccc(C(F)(F)F)c3)CC2)nc2ccccc12	CHEMBL2136979
4.82	COc1cc(N2CCN(C(=S)Nc3cc(C)cc(C)n3)CC2)cc(C(F)(F)F)c1	CHEMBL2134496
4.82	COC(=O)[C@H](C)N1Cc2c(O)c(O)c(O)c(C)c2C1=O	CHEMBL5270272
4.82	CC(=O)c1cccc(NS(=O)(=O)c2ccc(C(=O)Nc3nc(-c4cccc(F)c4)cs3)cc2)c1	CHEMBL5436320
4.81	O=C(C(=S)N1CCOCC1)c1ccc(Cl)cc1	CHEMBL4096521
4.8	S=C(c1ccc(Cl)c(Cl)c1)N1CCOCC1	CHEMBL2262744
4.8	O=C(O)CNS(=O)(=O)c1ccc(C(=O)Nc2nc(-c3ccccc3)cs2)cc1	CHEMBL5427764
4.8	Cc1cc(C)nc(NC(=S)N2CC3CN(Cc4ccc(C(F)(F)F)cc4)CC3C2)c1	CHEMBL4126359
4.8	COc1ccc(N2CCN(C(=S)Nc3cc(C)cc(C)n3)CC2)cc1	CHEMBL4129846
4.8	CN(C)CCNS(=O)(=O)c1ccc(C(=O)Nc2nc(-c3ccccc3)cs2)cc1	CHEMBL5399957
4.8	CCOC(=O)C(C)(C)S(=O)(=O)c1ccc([C@@H](C)NC(=O)c2cc3c(Cl)cc(C)cc3n2C)cc1	CHEMBL4534115
4.8	CCOC(=O)C(C)(C)S(=O)(=O)c1ccc([C@@H](C)NC(=O)c2cc3c(Cl)cc(C)cc3n2C)cc1	CHEMBL4534115
4.8	CC(C)OC(=O)C(C)(C)S(=O)(=O)c1ccc([C@@H](C)NC(=O)c2cc(-c3ccccc3)nn2C)cc1	CHEMBL4519728
4.8	CC(C)OC(=O)C(C)(C)S(=O)(=O)c1ccc([C@@H](C)NC(=O)c2cc(-c3ccccc3)nn2C)cc1	CHEMBL4519728
4.79	COc1ccc([C@@H](C)NC(=O)c2cc(-c3ccccc3)nn2C)cc1	CHEMBL4531432
4.78	NNC(=S)N/N=C/c1ccc(-c2ccc(C(=O)O)cc2)o1	CHEMBL4474100
4.78	NNC(=S)N/N=C/c1ccc(-c2ccc(C(=O)O)cc2)o1	CHEMBL4474100
4.77	O=C(C(=S)N1CCOCC1)c1ccc(Br)cc1	CHEMBL4087895
4.77	Cc1ccc(CN2CCN(C(=S)Nc3cc(C)cc(C)n3)CC2)cc1	CHEMBL4126815
4.77	Cc1cc(C)nc(NC(=S)N2CCN(Cc3ccc(Br)cc3)CC2)c1	CHEMBL4130136
4.76	Cc1ccnc(NC(=S)N2CCN(c3cccc(C(F)(F)F)c3)CC2)c1	CHEMBL1471788
4.76	Cc1cc(C)nc(NC(=S)N2CCN(c3ccc(C(F)(F)F)cn3)CC2)c1	CHEMBL2135970
4.76	CC(=O)c1cccc(NS(=O)(=O)c2ccc(C(=O)Nc3nc(-c4ccc(F)c(F)c4)cs3)cc2)c1	CHEMBL5408434
4.75	O=C(C(=S)N1CCOCC1)c1ccc([N+](=O)[O-])cc1	CHEMBL4084694
4.75	COCCNS(=O)(=O)c1ccc(C(=O)Nc2nc(-c3ccccc3)cs2)cc1	CHEMBL5427304
4.74	O=C(C(=S)N1CCOCC1)c1ccccc1	CHEMBL4086943
4.74	COC(=O)C1(S(=O)(=O)c2ccc([C@@H](C)NC(=O)c3cc4c(Cl)cc(C)cc4n3C)cc2)CCCC1	CHEMBL4529171
4.74	COC(=O)C1(S(=O)(=O)c2ccc([C@@H](C)NC(=O)c3cc4c(Cl)cc(C)cc4n3C)cc2)CCCC1	CHEMBL4529171
4.73	O=C(Nc1nc(-c2ccccc2)cs1)c1ccc(S(=O)(=O)Cl)cc1	CHEMBL5439263
4.72	S=C(c1ccc(Cl)c(Cl)c1)N1CCOCC1	CHEMBL2262744
4.72	Cc1cc(C)nc(NC(=S)N2CCN(C(=O)c3ccc(C(F)(F)F)cc3)CC2)c1	CHEMBL4127244
4.71	O=C(C(=S)N1CCOCC1)c1ccc(I)cc1	CHEMBL4075188
4.71	Cc1cc(Cl)c2cc(C(=O)N[C@H](C)c3ccc(S(=O)(=O)CC(=O)OCC(C)C)cc3)n(C)c2c1	CHEMBL4549376
4.71	Cc1cc(Cl)c2cc(C(=O)N[C@H](C)c3ccc(S(=O)(=O)CC(=O)OCC(C)C)cc3)n(C)c2c1	CHEMBL4549376
4.7	Cc1cccc(CN2CCN(C(=S)Nc3cc(C)cc(C)n3)CC2)c1	CHEMBL4130080
4.7	Cc1cc(C)nc(NC(=S)N2CCN(Cc3ccccc3Cl)CC2)c1	CHEMBL4128755
4.69	O=C(C(=S)N1CCOCC1)c1ccc(Br)cc1	CHEMBL4087895
4.68	O=C(C(=S)N1CCOCC1)c1ccc(Cl)cc1	CHEMBL4096521
4.68	FC(F)(F)c1cccc(N2CCN(C(=S)NCc3ccccn3)CC2)c1	CHEMBL4128958
4.68	Cc1cc(NC(=S)N2CCN(c3cccc(C(F)(F)F)c3)CC2)nc2ccccc12	CHEMBL2131220
4.68	Cc1cc(C)nc(NC(=S)NCCN(C)Cc2ccc(C(F)(F)F)cc2)c1	CHEMBL4126897
4.67	O=S(=O)(NN1CCOCC1)c1ccc(Cl)cc1	CHEMBL5280800
4.67	C[C@@H](NC(=O)c1cc(-c2ccccc2)nn1C)c1ccc(-c2cncnc2)cc1	CHEMBL4572650
4.66	Cn1c(C(=O)NC2(c3ccc(C(=O)O)nc3)COC2)cc2c(Cl)c(Cl)ccc21	CHEMBL4547127
4.66	Cc1cc(C)nc(NC(=S)N2CCN(C(=O)c3cccc(C(F)(F)F)c3)CC2)c1	CHEMBL4128626
4.66	C[C@@H](NC(=O)c1cc(-c2ccccc2)nn1C)c1ccccc1	CHEMBL4458092
4.65	S=C(SSC(=S)N1CCN(Cc2ccccc2)CC1)N1CCN(Cc2ccccc2)CC1	CHEMBL570572
4.64	O=C(C(=S)N1CCOCC1)c1ccc([N+](=O)[O-])cc1	CHEMBL4084694
4.64	Cc1cc(C)nc(NC(=S)N2CCN(CCc3ccc(C(F)(F)F)cc3)CC2)c1	CHEMBL4127987
4.63	Cc1ccc([C@@H](C)NC(=O)c2cc(-c3ccccc3)nn2C)cc1	CHEMBL4451612
4.63	COc1cc2c(cc1Cl)cc(C(=O)NC(CN)c1ccc(C(=O)O)cc1)n2C	CHEMBL4462323
4.62	COc1ccccc1N1CCN(C(=S)Nc2cc(C)cc(C)n2)CC1	CHEMBL4126416
4.61	S=C(c1ccc(Cl)c(Cl)c1)N1CCOCC1	CHEMBL2262744
4.61	Cc1cc(Cl)c2cc(C(=O)N[C@H](C)c3ccc(S(=O)(=O)C(C)C(=O)OC(C)(C)C)cc3)n(C)c2c1	CHEMBL4563782
4.61	Cc1cc(Cl)c2cc(C(=O)N[C@H](C)c3ccc(S(=O)(=O)C(C)C(=O)OC(C)(C)C)cc3)n(C)c2c1	CHEMBL4563782
4.6	Cc1cc(Cl)c2cc(C(=O)N[C@H](C)c3ccc(S(=O)(=O)C(C)(C)C(=O)OC(C)C)cc3)n(C)c2c1	CHEMBL4573246
4.6	Cc1cc(Cl)c2cc(C(=O)N[C@H](C)c3ccc(S(=O)(=O)C(C)(C)C(=O)OC(C)C)cc3)n(C)c2c1	CHEMBL4573246
4.59	O=C(C(=S)N1CCOCC1)c1ccc(I)cc1	CHEMBL4075188
4.59	COC(=O)C1(S(=O)(=O)c2ccc([C@@H](C)NC(=O)c3cc(-c4ccc(F)cc4)nn3C)cc2)CCOCC1	CHEMBL4528540
4.58	COc1ccc(CN2CCN(C(=S)Nc3cc(C)cc(C)n3)CC2)cc1	CHEMBL4126283
4.57	O=C(C(=S)N1CCOCC1)c1ccccc1	CHEMBL4086943
4.55	O=C(O)CSC1=C(SCC(=O)O)C(=O)C(SCC(=O)O)=C(SCC(=O)O)C1=O	CHEMBL5279907
4.53	COC(=O)c1ccc(-c2ccc(/C=N/NC(=S)Nc3ccc([N+](=O)[O-])cc3)o2)cc1	CHEMBL4568110
4.53	COC(=O)c1ccc(-c2ccc(/C=N/NC(=S)Nc3ccc([N+](=O)[O-])cc3)o2)cc1	CHEMBL4568110
4.53	CC(C)OC(=O)C(C)S(=O)(=O)c1ccc([C@@H](CO)NC(=O)c2cc(-c3ccc(F)cc3)nn2C)cc1	CHEMBL4529678
4.53	CC(C)OC(=O)C(C)S(=O)(=O)c1ccc([C@@H](CO)NC(=O)c2cc(-c3ccc(F)cc3)nn2C)cc1	CHEMBL4529678
4.52	COc1cccc(CN2CCN(C(=S)Nc3cc(C)cc(C)n3)CC2)c1	CHEMBL4126125
4.52	CCNC(=S)N/N=C/c1ccc(-c2ccc(O)cc2)o1	CHEMBL4592012
4.52	CCNC(=S)N/N=C/c1ccc(-c2ccc(O)cc2)o1	CHEMBL4592012
4.51	O=C(C(=S)N1CCOCC1)c1ccccc1	CHEMBL4086943
4.51	O=C(C(=S)N1CCOCC1)c1ccccc1	CHEMBL4086943
4.51	Cc1cc(C)nc(NC(=S)N2CCN(Cc3ccc(C(F)(F)F)cc3)C(c3ccccc3)C2)c1	CHEMBL4127715
4.48	Cc1cc(C)nc(NC(=S)N2CCN(Cc3ccc(C(F)(F)F)cc3)C(C(=O)O)C2)c1	CHEMBL4127077
4.48	COC(=O)C(C)(C)S(=O)(=O)c1ccc([C@@H](C)NC(=O)c2cc3cc(Cl)ccc3n2C)cc1	CHEMBL4513474
4.48	COC(=O)C(C)(C)S(=O)(=O)c1ccc([C@@H](C)NC(=O)c2cc3cc(Cl)ccc3n2C)cc1	CHEMBL4513474
4.48	CCOC(=O)c1sc(NC(=O)c2ccco2)c(SC#N)c1C	CHEMBL4070806
4.48	CCOC(=O)c1sc(NC(=O)c2ccco2)c(SC#N)c1C	CHEMBL4070806
4.48	CCOC(=O)c1sc(NC(=O)c2ccco2)c(SC#N)c1C	CHEMBL4070806
4.48	CCOC(=O)c1sc(NC(=O)c2ccco2)c(SC#N)c1C	CHEMBL4070806
4.48	C#CSc1c(NC(=O)c2ccco2)sc(C(=O)OCC)c1C	CHEMBL4458853
4.47	CC(NC(=O)c1cc(-c2ccccc2)nn1C)c1ccc(C#N)cc1	CHEMBL4559464
4.46	O=C(N/N=C/c1cc([N+](=O)[O-])ccc1O)c1ccc(O)cc1O	CHEMBL4129453
4.46	O=C(N/N=C/c1cc([N+](=O)[O-])ccc1O)c1ccc(O)cc1O	CHEMBL4129453
4.46	O=C(N/N=C/c1cc([N+](=O)[O-])ccc1O)c1ccc(O)cc1O	CHEMBL4129453
4.46	O=C(N/N=C/c1cc([N+](=O)[O-])ccc1O)c1ccc(O)cc1O	CHEMBL4129453
4.46	O=C(C(=S)N1CCOCC1)c1ccc([N+](=O)[O-])cc1	CHEMBL4084694
4.45	O=C(O)c1ccc(-c2ccc(/C=N/NC(=S)NCc3ccccc3)o2)cc1	CHEMBL5769312
4.45	CCNC(=S)N/N=C\c1ccc(-c2ccc(C(=O)O)c(Cl)c2)o1	CHEMBL5272122
4.45	CCNC(=S)N/N=C/c1ccc(-c2ccc(C(=O)O)cc2)o1	CHEMBL4546812
4.45	CCNC(=S)N/N=C/c1ccc(-c2ccc(C(=O)O)cc2)o1	CHEMBL4546812
4.45	CCNC(=S)N/N=C/c1ccc(-c2ccc(C(=O)O)c(Cl)c2)o1	CHEMBL4128077
4.45	CCNC(=S)N/N=C/c1ccc(-c2ccc(C(=O)O)c(Cl)c2)o1	CHEMBL4128077
4.45	CCNC(=S)N/N=C/c1ccc(-c2ccc(C(=O)O)c(Cl)c2)o1	CHEMBL4128077
4.44	O=C(N/N=C/c1cc([N+](=O)[O-])ccc1O)c1ccc(C(F)(F)F)cc1	CHEMBL4573186
4.44	O=C(N/N=C/c1cc([N+](=O)[O-])ccc1O)c1ccc(C(F)(F)F)cc1	CHEMBL4573186
4.44	Cc1cc2c(cc(C(=O)N[C@H](C)c3ccc(S(=O)(=O)CC(=O)OC(C)C)cc3)n2C)c(Cl)c1F	CHEMBL4539677
4.44	Cc1cc2c(cc(C(=O)N[C@H](C)c3ccc(S(=O)(=O)CC(=O)OC(C)C)cc3)n2C)c(Cl)c1F	CHEMBL4539677
4.44	CCN(CC)C(=S)CSC(=S)N(CC)CC	CHEMBL582931
4.43	O=C(C(=S)N1CCOCC1)c1ccc(Br)cc1	CHEMBL4087895
4.43	Cc1ccnc(NC(=S)N2CCN(c3cccc(C(F)(F)F)c3)CC2)n1	CHEMBL2136511
4.43	Cc1cc(C)nc(NC(=S)N2CCN(c3ccccn3)CC2)c1	CHEMBL2132180
4.43	CCNC(=S)N/N=C/c1ccc(-c2ccc([N+](=O)[O-])cc2)o1	CHEMBL4549741
4.43	CCNC(=S)N/N=C/c1ccc(-c2ccc([N+](=O)[O-])cc2)o1	CHEMBL4549741
4.42	Cc1cc(C)nc(NC(=S)N2CCN(Cc3ccc(F)cc3)CC2)c1	CHEMBL4128606
4.42	C[C@@H](NC(=O)c1cc(-c2ccccc2)nn1C)c1ccc(N)cc1	CHEMBL4466603
4.41	NNC(=S)N/N=C/c1ccc(-c2ccc(S(N)(=O)=O)cc2)o1	CHEMBL4585773
4.41	NNC(=S)N/N=C/c1ccc(-c2ccc(S(N)(=O)=O)cc2)o1	CHEMBL4585773
4.41	Cc1cc(C)nc(NC(=S)N2CCN(Cc3cccc(F)c3)CC2)c1	CHEMBL4129970
4.4	O=C(C(=S)N1CCOCC1)c1ccccc1	CHEMBL4086943
4.4	Cn1c(C(=O)NC(CN)c2ccccc2)cc2cc(Cl)ccc21	CHEMBL4456888
4.4	Cc1cc(C)nc(NC(=S)N2CCN(Cc3ccccc3)CC2)c1	CHEMBL4125843
4.39	Cc1cc(C)nc(NC(=S)N2CCN(Cc3ccccc3F)CC2)c1	CHEMBL4129573
4.38	Cc1c(/N=N/c2cccc(C(=O)O)c2)c(O)[nH]c(=O)c1C#N	CHEMBL5276398
4.38	C[C@@H](NC(=O)c1cc(-c2ccccc2)nn1C)c1ccc(N2CCCC2)cc1	CHEMBL4535551
4.36	O=C(C(=S)N1CCOCC1)c1ccc(F)cc1	CHEMBL4060605
4.34	CCN(CC)C(=S)SCSC(=S)N(CC)CC	CHEMBL570813
4.3	O=C(Nc1ccc(S(=O)(=O)Nc2ccccn2)cc1)c1cc(-c2ccccc2)n[nH]1	CHEMBL4087786
4.3	O=C(C(=S)N1CCOCC1)c1ccc(Cl)cc1	CHEMBL4096521
4.3	Cc1cc(C)nc(NC(=S)N2CCN(c3cccnc3)CC2)c1	CHEMBL4127643
4.3	Cc1cc(C)nc(NC(=S)N2CCN(Cc3ccccn3)CC2)c1	CHEMBL4128162
4.27	C[C@@H](NC(=O)c1cc(-c2ccccc2)nn1C)c1ccc(NS(C)(=O)=O)cc1	CHEMBL4443791
4.26	C[C@@H](NC(=O)c1cc(-c2ccccc2)nn1C)c1ccc([N+](=O)[O-])cc1	CHEMBL4518793
4.26	C[C@@H](NC(=O)c1cc(-c2ccc(F)cc2)nn1C)c1ccc(S(=O)(=O)CC(=O)NOCCN2CCOCC2)cc1	CHEMBL4561520
4.24	O=C1NC[C@@H](COc2cc3[nH]c(C(=O)N[C@H](CO)c4ccc(C(=O)O)cc4)cc3cc2Cl)O1	CHEMBL4554985
4.24	O=C(Nc1ccccc1[N+](=O)[O-])c1ccc(Cl)cc1	CHEMBL4061896
4.23	Cc1cc(C)nc(NC(=S)N2CCN(Cc3ccncc3)CC2)c1	CHEMBL4126930
4.19	O=C(C(=S)N1CCOCC1)c1ccc(F)cc1	CHEMBL4060605
4.17	CN1CCN(C(=S)SCSC(=S)N2CCNCC2)CC1	CHEMBL5291428
4.16	O=C(C(=S)N1CCOCC1)c1ccc(F)cc1	CHEMBL4060605
4.14	O=C(C(=S)N1CCOCC1)c1ccccc1	CHEMBL4086943
4.13	CC(C)OC(=O)CS(=O)(=O)c1ccc([C@@H](C)NC(=O)c2cc(-c3ccc(Cl)c(Cl)c3)nn2C)cc1	CHEMBL4559892
4.13	CC(C)OC(=O)CS(=O)(=O)c1ccc([C@@H](C)NC(=O)c2cc(-c3ccc(Cl)c(Cl)c3)nn2C)cc1	CHEMBL4559892
4.12	O=C(Nc1ccccc1[N+](=O)[O-])c1ccc(Cl)cc1	CHEMBL4061896
4.11	CC(C)OC(=O)C(C)S(=O)(=O)c1ccc([C@@H](C)NC(=O)c2cc(-c3ccccc3)nn2C)cc1	CHEMBL4571393
4.11	CC(C)OC(=O)C(C)S(=O)(=O)c1ccc([C@@H](C)NC(=O)c2cc(-c3ccccc3)nn2C)cc1	CHEMBL4571393
4.08	O=C(Nc1ccccc1[N+](=O)[O-])c1ccc(Cl)cc1	CHEMBL4061896
4.07	C[C@@H](NC(=O)c1cc(-c2ccc(F)cc2)nn1C)c1ccc(S(=O)(=O)CC(=O)NOC2CCN(C)CC2)cc1	CHEMBL4585663
4.05	O=C(C(=S)N1CCOCC1)c1cccc([N+](=O)[O-])c1	CHEMBL4094885
4.0	Cn1c(C(=O)NC(CCO)c2ccccc2)cc2cc(Cl)ccc21	CHEMBL4589246
